ticker,company,app_category,country,date,open,high,low,close,volume
NESN.SW,Nestlé,Food,Switzerland,2025-12-17,78.13,79.36,77.99,79.36,4859260
NESN.SW,Nestlé,Food,Switzerland,2025-12-18,79.6,80.3,79.27,79.88,3126119
NESN.SW,Nestlé,Food,Switzerland,2025-12-19,78.82,79.82,78.64,78.79,10366663
NESN.SW,Nestlé,Food,Switzerland,2025-12-22,78.57,78.69,77.74,78.03,2196389
NESN.SW,Nestlé,Food,Switzerland,2025-12-23,78.0,78.5,77.8,77.83,2074393
NESN.SW,Nestlé,Food,Switzerland,2025-12-29,78.0,78.84,77.85,78.74,2840270
NESN.SW,Nestlé,Food,Switzerland,2025-12-30,78.33,78.8,78.11,78.74,2321271
NESN.SW,Nestlé,Food,Switzerland,2026-01-05,78.22,78.3,75.63,76.44,5802487
NESN.SW,Nestlé,Food,Switzerland,2026-01-06,76.4,76.59,75.7,76.16,4395991
NESN.SW,Nestlé,Food,Switzerland,2026-01-07,75.61,76.33,74.02,74.53,5332634
NESN.SW,Nestlé,Food,Switzerland,2026-01-08,74.5,74.95,73.67,74.36,4933839
NESN.SW,Nestlé,Food,Switzerland,2026-01-09,74.25,75.41,74.23,75.41,4154745
NESN.SW,Nestlé,Food,Switzerland,2026-01-12,75.49,75.94,74.93,74.99,3092423
NESN.SW,Nestlé,Food,Switzerland,2026-01-13,74.9,75.36,74.47,75.2,2644539
NESN.SW,Nestlé,Food,Switzerland,2026-01-14,75.07,76.55,75.01,76.55,5393941
NESN.SW,Nestlé,Food,Switzerland,2026-01-15,76.4,76.93,76.15,76.52,3675044
NESN.SW,Nestlé,Food,Switzerland,2026-01-16,76.15,76.22,75.24,75.24,4940026
NESN.SW,Nestlé,Food,Switzerland,2026-01-19,75.2,75.3,74.25,74.69,2709560
NESN.SW,Nestlé,Food,Switzerland,2026-01-20,74.76,74.86,72.57,73.94,4419228
NESN.SW,Nestlé,Food,Switzerland,2026-01-21,73.8,74.12,72.9,72.98,4606054
NESN.SW,Nestlé,Food,Switzerland,2026-01-22,73.89,74.39,72.87,73.19,4161182
NESN.SW,Nestlé,Food,Switzerland,2026-01-23,72.94,73.07,71.96,72.47,4421247
NESN.SW,Nestlé,Food,Switzerland,2026-01-26,72.4,72.5,70.29,71.85,5804640
NESN.SW,Nestlé,Food,Switzerland,2026-01-27,71.5,72.85,71.4,72.85,4402757
NESN.SW,Nestlé,Food,Switzerland,2026-01-28,72.94,73.2,72.21,72.54,3176226
NESN.SW,Nestlé,Food,Switzerland,2026-01-29,71.5,73.67,71.5,73.48,3452121
NESN.SW,Nestlé,Food,Switzerland,2026-01-30,73.46,74.06,73.15,73.43,3542959
NESN.SW,Nestlé,Food,Switzerland,2026-02-02,73.9,75.99,73.86,75.51,3894580
NESN.SW,Nestlé,Food,Switzerland,2026-02-03,76.0,76.39,75.18,76.08,3426183
NESN.SW,Nestlé,Food,Switzerland,2026-02-04,76.49,78.17,76.05,78.09,4504328
NESN.SW,Nestlé,Food,Switzerland,2026-02-05,78.75,78.8,77.46,78.43,3729746
NESN.SW,Nestlé,Food,Switzerland,2026-02-06,78.5,79.33,77.72,78.89,2559931
NESN.SW,Nestlé,Food,Switzerland,2026-02-09,78.86,78.99,78.08,78.39,2770663
NESN.SW,Nestlé,Food,Switzerland,2026-02-10,78.52,79.05,78.29,78.92,2644418
NESN.SW,Nestlé,Food,Switzerland,2026-02-11,78.78,79.38,76.52,78.25,5083051
NESN.SW,Nestlé,Food,Switzerland,2026-02-12,78.46,79.68,77.57,79.34,3657344
NESN.SW,Nestlé,Food,Switzerland,2026-02-13,79.0,80.08,78.72,79.58,4239957
NESN.SW,Nestlé,Food,Switzerland,2026-02-16,79.55,80.23,79.36,80.17,2665975
NESN.SW,Nestlé,Food,Switzerland,2026-02-17,80.04,80.71,79.02,79.02,2985991
NESN.SW,Nestlé,Food,Switzerland,2026-02-18,79.31,79.78,77.91,78.4,5540934
NESN.SW,Nestlé,Food,Switzerland,2026-02-19,80.4,82.24,79.52,81.43,8710135
NESN.SW,Nestlé,Food,Switzerland,2026-02-20,80.94,81.11,79.45,80.91,5670392
NESN.SW,Nestlé,Food,Switzerland,2026-02-23,81.2,81.4,80.03,81.4,3571750
NESN.SW,Nestlé,Food,Switzerland,2026-02-24,81.49,83.88,81.35,82.94,5831382
NESN.SW,Nestlé,Food,Switzerland,2026-02-25,83.0,83.62,82.23,82.9,4580753
NESN.SW,Nestlé,Food,Switzerland,2026-02-26,82.9,83.1,82.47,82.72,2860883
NESN.SW,Nestlé,Food,Switzerland,2026-02-27,83.16,84.09,82.19,83.98,5518175
NESN.SW,Nestlé,Food,Switzerland,2026-03-02,83.66,84.65,82.61,83.21,5676807
NESN.SW,Nestlé,Food,Switzerland,2026-03-03,82.59,83.16,81.11,81.25,5047266
NESN.SW,Nestlé,Food,Switzerland,2026-03-04,81.71,82.38,80.58,80.58,2722934
NESN.SW,Nestlé,Food,Switzerland,2026-03-05,80.25,81.09,79.97,80.14,2569189
NESN.SW,Nestlé,Food,Switzerland,2026-03-06,80.0,80.95,79.14,80.24,3148812
NESN.SW,Nestlé,Food,Switzerland,2026-03-09,79.8,80.05,78.72,80.05,4117787
NESN.SW,Nestlé,Food,Switzerland,2026-03-10,81.0,81.2,78.6,79.59,3899081
NESN.SW,Nestlé,Food,Switzerland,2026-03-11,79.0,79.53,78.47,79.53,3316235
NESN.SW,Nestlé,Food,Switzerland,2026-03-12,79.7,80.53,78.88,80.02,3088239
NESN.SW,Nestlé,Food,Switzerland,2026-03-13,80.0,81.12,79.1,80.87,2940787
NESN.SW,Nestlé,Food,Switzerland,2026-03-16,80.56,81.03,80.37,80.61,2465656
BN.PA,Danone,Food,France,2025-12-17,76.94,77.58,76.92,77.46,1139609
BN.PA,Danone,Food,France,2025-12-18,77.8,78.68,77.5,78.26,1462245
BN.PA,Danone,Food,France,2025-12-19,78.14,78.3,77.52,77.76,1819621
BN.PA,Danone,Food,France,2025-12-22,77.26,77.4,76.48,76.98,663112
BN.PA,Danone,Food,France,2025-12-23,77.08,77.16,76.46,76.48,632208
BN.PA,Danone,Food,France,2025-12-24,76.52,76.88,76.4,76.88,175671
BN.PA,Danone,Food,France,2025-12-29,76.96,77.04,76.32,76.74,574153
BN.PA,Danone,Food,France,2025-12-30,76.64,77.12,76.54,77.02,521347
BN.PA,Danone,Food,France,2025-12-31,77.06,77.06,76.6,76.78,302021
BN.PA,Danone,Food,France,2026-01-02,76.22,76.76,75.62,76.04,666235
BN.PA,Danone,Food,France,2026-01-05,75.94,75.98,73.68,74.4,1008044
BN.PA,Danone,Food,France,2026-01-06,74.76,75.34,74.24,75.08,799845
BN.PA,Danone,Food,France,2026-01-07,76.06,76.44,74.94,74.94,1168584
BN.PA,Danone,Food,France,2026-01-08,74.82,76.6,74.74,76.2,1625294
BN.PA,Danone,Food,France,2026-01-09,76.02,76.92,75.92,76.82,690316
BN.PA,Danone,Food,France,2026-01-12,76.06,77.36,76.06,77.36,1140224
BN.PA,Danone,Food,France,2026-01-13,76.84,77.64,76.6,77.58,1268547
BN.PA,Danone,Food,France,2026-01-14,77.56,77.74,74.76,76.28,1827867
BN.PA,Danone,Food,France,2026-01-15,76.02,77.02,75.8,76.52,1091064
BN.PA,Danone,Food,France,2026-01-16,76.24,76.3,75.34,75.44,1718572
BN.PA,Danone,Food,France,2026-01-19,74.4,74.54,73.7,74.04,1209685
BN.PA,Danone,Food,France,2026-01-20,74.22,74.24,73.06,73.6,1058643
BN.PA,Danone,Food,France,2026-01-21,66.42,70.76,65.0,67.4,4013018
BN.PA,Danone,Food,France,2026-01-22,68.0,69.94,67.86,68.26,2303233
BN.PA,Danone,Food,France,2026-01-23,67.68,68.0,67.12,67.54,1514136
BN.PA,Danone,Food,France,2026-01-26,66.98,66.98,63.52,66.0,3395704
BN.PA,Danone,Food,France,2026-01-27,65.98,66.54,65.52,66.16,2044463
BN.PA,Danone,Food,France,2026-01-28,65.64,66.88,65.24,66.54,1640327
BN.PA,Danone,Food,France,2026-01-29,66.38,66.66,65.78,66.1,1471750
BN.PA,Danone,Food,France,2026-01-30,66.1,66.34,65.28,65.84,1875177
BN.PA,Danone,Food,France,2026-02-02,66.7,69.28,66.68,68.96,2845362
BN.PA,Danone,Food,France,2026-02-03,69.12,70.66,69.1,70.28,2647405
BN.PA,Danone,Food,France,2026-02-04,70.5,71.92,70.4,71.88,2386677
BN.PA,Danone,Food,France,2026-02-05,71.8,71.92,70.96,71.82,1112804
BN.PA,Danone,Food,France,2026-02-06,70.54,70.78,68.94,69.16,2021246
BN.PA,Danone,Food,France,2026-02-09,69.0,69.9,68.62,69.82,1179243
BN.PA,Danone,Food,France,2026-02-10,69.94,70.16,69.44,70.0,990494
BN.PA,Danone,Food,France,2026-02-11,69.9,70.8,67.48,69.02,1895055
BN.PA,Danone,Food,France,2026-02-12,69.6,72.28,69.16,72.28,2366427
BN.PA,Danone,Food,France,2026-02-13,72.16,72.68,71.58,72.32,1690092
BN.PA,Danone,Food,France,2026-02-16,72.06,72.72,71.96,72.6,809545
BN.PA,Danone,Food,France,2026-02-17,72.86,73.18,72.34,72.44,738958
BN.PA,Danone,Food,France,2026-02-18,72.5,72.74,71.94,72.28,1314744
BN.PA,Danone,Food,France,2026-02-19,72.5,74.16,72.5,74.12,1577449
BN.PA,Danone,Food,France,2026-02-20,73.8,74.6,72.54,73.6,2078785
BN.PA,Danone,Food,France,2026-02-23,73.7,73.88,71.68,72.04,1165627
BN.PA,Danone,Food,France,2026-02-24,72.0,72.56,71.32,72.06,1490933
BN.PA,Danone,Food,France,2026-02-25,72.2,73.0,71.76,72.42,1424695
BN.PA,Danone,Food,France,2026-02-26,72.4,72.82,71.96,72.7,759699
BN.PA,Danone,Food,France,2026-02-27,72.6,73.5,72.06,72.64,2051106
BN.PA,Danone,Food,France,2026-03-02,72.04,72.68,70.9,71.22,1370676
BN.PA,Danone,Food,France,2026-03-03,70.9,71.38,69.94,69.94,1522279
BN.PA,Danone,Food,France,2026-03-04,71.26,72.22,70.94,70.94,1792205
BN.PA,Danone,Food,France,2026-03-05,70.54,71.18,69.7,70.04,1380397
BN.PA,Danone,Food,France,2026-03-06,69.82,70.6,69.18,70.2,1341571
BN.PA,Danone,Food,France,2026-03-09,69.36,69.8,68.9,69.2,1228131
BN.PA,Danone,Food,France,2026-03-10,69.1,69.56,68.52,69.3,1482914
BN.PA,Danone,Food,France,2026-03-11,69.0,69.4,68.64,69.0,1100275
BN.PA,Danone,Food,France,2026-03-12,68.86,70.24,68.54,70.24,1550631
BN.PA,Danone,Food,France,2026-03-13,69.76,71.92,69.68,71.92,2139385
BN.PA,Danone,Food,France,2026-03-16,71.8,72.84,71.76,72.84,1783211
ABF.L,Assoc British Foods,Food,UK,2025-12-17,2119.0,2128.0,2090.0,2119.0,862057
ABF.L,Assoc British Foods,Food,UK,2025-12-18,2130.0,2140.0,2111.0,2135.0,1209335
ABF.L,Assoc British Foods,Food,UK,2025-12-19,2138.0,2154.0,2122.0,2124.0,1445329
ABF.L,Assoc British Foods,Food,UK,2025-12-22,2125.0,2126.0,2097.0,2107.0,1470716
ABF.L,Assoc British Foods,Food,UK,2025-12-23,2115.0,2128.0,2102.0,2111.0,306744
ABF.L,Assoc British Foods,Food,UK,2025-12-24,2126.0,2126.0,2112.0,2113.0,122582
ABF.L,Assoc British Foods,Food,UK,2025-12-29,2117.0,2133.0,2113.0,2121.0,427444
ABF.L,Assoc British Foods,Food,UK,2025-12-30,2113.0,2150.0,2113.0,2142.0,273346
ABF.L,Assoc British Foods,Food,UK,2025-12-31,2135.0,2145.0,2120.0,2127.0,365585
ABF.L,Assoc British Foods,Food,UK,2026-01-02,2143.0,2146.0,2119.0,2125.0,606589
ABF.L,Assoc British Foods,Food,UK,2026-01-05,2141.0,2148.0,2108.0,2148.0,761054
ABF.L,Assoc British Foods,Food,UK,2026-01-06,2170.0,2187.0,2147.0,2147.0,529193
ABF.L,Assoc British Foods,Food,UK,2026-01-07,2146.0,2164.0,2134.0,2151.0,665307
ABF.L,Assoc British Foods,Food,UK,2026-01-08,1922.0,1948.5,1843.5,1850.0,3627268
ABF.L,Assoc British Foods,Food,UK,2026-01-09,1831.5,1885.5,1829.5,1859.0,2326199
ABF.L,Assoc British Foods,Food,UK,2026-01-12,1840.5,1860.0,1810.0,1844.5,1297565
ABF.L,Assoc British Foods,Food,UK,2026-01-13,1846.0,1865.5,1835.5,1838.0,999572
ABF.L,Assoc British Foods,Food,UK,2026-01-14,1835.5,1871.5,1827.0,1867.0,1970260
ABF.L,Assoc British Foods,Food,UK,2026-01-15,1866.5,1874.0,1838.0,1869.0,844572
ABF.L,Assoc British Foods,Food,UK,2026-01-16,1871.0,1878.0,1848.5,1858.5,1480063
ABF.L,Assoc British Foods,Food,UK,2026-01-19,1852.5,1875.5,1849.5,1856.0,1230570
ABF.L,Assoc British Foods,Food,UK,2026-01-20,1858.5,1867.5,1840.0,1863.5,1059742
ABF.L,Assoc British Foods,Food,UK,2026-01-21,1865.0,1875.5,1842.0,1860.0,1367614
ABF.L,Assoc British Foods,Food,UK,2026-01-22,1877.0,1888.187,1856.0,1884.0,807931
ABF.L,Assoc British Foods,Food,UK,2026-01-23,1880.0,1899.0,1872.0,1879.5,622706
ABF.L,Assoc British Foods,Food,UK,2026-01-26,1886.0,1895.0,1877.5,1881.5,841845
ABF.L,Assoc British Foods,Food,UK,2026-01-27,1891.0,1903.5,1885.0,1903.5,1368769
ABF.L,Assoc British Foods,Food,UK,2026-01-28,1905.5,1930.0,1899.226,1906.5,907249
ABF.L,Assoc British Foods,Food,UK,2026-01-29,1906.0,1911.0,1867.0,1893.5,1108680
ABF.L,Assoc British Foods,Food,UK,2026-01-30,1884.0,1912.0,1884.0,1905.0,884930
ABF.L,Assoc British Foods,Food,UK,2026-02-02,1926.5,1926.5,1887.0,1915.0,966148
ABF.L,Assoc British Foods,Food,UK,2026-02-03,1919.5,1921.5,1863.0,1873.5,830545
ABF.L,Assoc British Foods,Food,UK,2026-02-04,1888.5,1934.5,1879.5,1931.0,896469
ABF.L,Assoc British Foods,Food,UK,2026-02-05,1934.5,1942.0,1911.5,1930.0,1153209
ABF.L,Assoc British Foods,Food,UK,2026-02-06,1924.5,1936.5,1908.5,1936.5,989267
ABF.L,Assoc British Foods,Food,UK,2026-02-09,1935.0,1952.0,1888.5,1918.5,556247
ABF.L,Assoc British Foods,Food,UK,2026-02-10,1930.5,1959.5,1923.0,1957.0,579111
ABF.L,Assoc British Foods,Food,UK,2026-02-11,1957.5,2001.0,1943.5,1993.0,536569
ABF.L,Assoc British Foods,Food,UK,2026-02-12,2006.0,2010.0,1956.0,1956.0,862311
ABF.L,Assoc British Foods,Food,UK,2026-02-13,1970.5,1978.5,1941.5,1967.0,757740
ABF.L,Assoc British Foods,Food,UK,2026-02-16,1975.0,1976.5,1935.5,1947.5,382876
ABF.L,Assoc British Foods,Food,UK,2026-02-17,1956.5,1965.5,1934.5,1949.5,560082
ABF.L,Assoc British Foods,Food,UK,2026-02-18,1958.5,1977.0,1939.0,1967.0,536383
ABF.L,Assoc British Foods,Food,UK,2026-02-19,1972.5,1993.5,1953.5,1976.5,1144804
ABF.L,Assoc British Foods,Food,UK,2026-02-20,1980.5,1992.5,1953.0,1953.5,1147981
ABF.L,Assoc British Foods,Food,UK,2026-02-23,1960.5,1979.0,1945.0,1950.5,513541
ABF.L,Assoc British Foods,Food,UK,2026-02-24,1961.0,1980.0,1950.0,1960.0,682452
ABF.L,Assoc British Foods,Food,UK,2026-02-25,1969.5,1969.5,1937.5,1954.5,741439
ABF.L,Assoc British Foods,Food,UK,2026-02-26,1972.5,1972.5,1940.5,1949.0,1200435
ABF.L,Assoc British Foods,Food,UK,2026-02-27,1955.5,1993.0,1939.5,1977.0,2455437
ABF.L,Assoc British Foods,Food,UK,2026-03-02,1966.5,1950.5,1914.5,1914.5,1855204
ABF.L,Assoc British Foods,Food,UK,2026-03-03,1902.5,1919.0,1878.5,1905.5,1031858
ABF.L,Assoc British Foods,Food,UK,2026-03-04,1914.0,1939.5,1906.5,1926.5,1086128
ABF.L,Assoc British Foods,Food,UK,2026-03-05,1928.5,1937.0,1885.5,1887.0,904527
ABF.L,Assoc British Foods,Food,UK,2026-03-06,1896.0,1909.5,1867.0,1869.5,726435
ABF.L,Assoc British Foods,Food,UK,2026-03-09,1852.0,1858.953,1832.0,1846.0,744262
ABF.L,Assoc British Foods,Food,UK,2026-03-10,1840.0,1871.5,1840.0,1846.5,956827
ABF.L,Assoc British Foods,Food,UK,2026-03-11,1840.0,1860.0,1835.0,1850.5,473698
ABF.L,Assoc British Foods,Food,UK,2026-03-12,1841.5,1873.0,1837.0,1837.0,713886
ABF.L,Assoc British Foods,Food,UK,2026-03-13,1821.5,1862.0,1816.85,1862.0,1188359
ABF.L,Assoc British Foods,Food,UK,2026-03-16,1863.5,1880.0,1861.0,1873.0,586098
ORK.OL,Orkla,Food,Norway,2025-12-17,112.0,112.5,110.6,111.6,1420667
ORK.OL,Orkla,Food,Norway,2025-12-18,111.9,113.2,111.9,112.6,1535136
ORK.OL,Orkla,Food,Norway,2025-12-19,111.8,113.3,111.7,112.7,2986764
ORK.OL,Orkla,Food,Norway,2025-12-22,112.2,112.6,111.5,111.6,1184245
ORK.OL,Orkla,Food,Norway,2025-12-23,111.6,112.7,111.6,112.0,1099347
ORK.OL,Orkla,Food,Norway,2025-12-29,112.3,113.0,112.0,112.6,984208
ORK.OL,Orkla,Food,Norway,2025-12-30,112.7,113.2,112.4,112.5,1432495
ORK.OL,Orkla,Food,Norway,2026-01-02,113.0,113.4,112.2,112.2,1286215
ORK.OL,Orkla,Food,Norway,2026-01-05,112.6,112.7,109.0,109.0,1498247
ORK.OL,Orkla,Food,Norway,2026-01-06,109.3,110.4,109.3,110.4,1892475
ORK.OL,Orkla,Food,Norway,2026-01-07,109.2,111.2,109.0,109.5,1504341
ORK.OL,Orkla,Food,Norway,2026-01-08,109.5,111.2,109.3,111.0,1671693
ORK.OL,Orkla,Food,Norway,2026-01-09,111.4,111.7,110.7,111.0,1271251
ORK.OL,Orkla,Food,Norway,2026-01-12,111.5,112.6,111.5,112.1,1368783
ORK.OL,Orkla,Food,Norway,2026-01-13,112.5,112.7,111.2,111.5,1238191
ORK.OL,Orkla,Food,Norway,2026-01-14,112.0,112.7,111.6,112.4,1529122
ORK.OL,Orkla,Food,Norway,2026-01-15,112.7,113.6,112.6,113.1,1327301
ORK.OL,Orkla,Food,Norway,2026-01-16,113.1,113.8,112.9,113.1,1290726
ORK.OL,Orkla,Food,Norway,2026-01-19,112.8,113.7,112.1,113.1,1227159
ORK.OL,Orkla,Food,Norway,2026-01-20,113.4,114.3,112.4,112.4,1309952
ORK.OL,Orkla,Food,Norway,2026-01-21,112.0,112.3,111.0,111.2,1319794
ORK.OL,Orkla,Food,Norway,2026-01-22,112.0,113.5,111.8,112.9,1267296
ORK.OL,Orkla,Food,Norway,2026-01-23,112.9,113.2,111.6,111.6,1197944
ORK.OL,Orkla,Food,Norway,2026-01-26,111.5,113.3,111.3,112.9,1357090
ORK.OL,Orkla,Food,Norway,2026-01-27,113.0,113.7,112.5,112.6,1019709
ORK.OL,Orkla,Food,Norway,2026-01-28,112.7,113.1,112.1,113.1,1154441
ORK.OL,Orkla,Food,Norway,2026-01-29,112.0,113.8,111.9,113.7,1082327
ORK.OL,Orkla,Food,Norway,2026-01-30,113.8,114.6,113.4,114.2,1404392
ORK.OL,Orkla,Food,Norway,2026-02-02,114.9,115.7,114.4,114.8,1334086
ORK.OL,Orkla,Food,Norway,2026-02-03,115.0,116.1,114.7,116.1,1344295
ORK.OL,Orkla,Food,Norway,2026-02-04,116.2,117.9,115.5,117.6,1142462
ORK.OL,Orkla,Food,Norway,2026-02-05,117.8,119.1,117.2,119.1,1477207
ORK.OL,Orkla,Food,Norway,2026-02-06,118.5,120.9,118.4,120.9,1697801
ORK.OL,Orkla,Food,Norway,2026-02-09,120.5,120.8,120.1,120.5,815930
ORK.OL,Orkla,Food,Norway,2026-02-10,120.4,120.8,119.2,120.8,781945
ORK.OL,Orkla,Food,Norway,2026-02-11,120.6,121.9,120.6,121.9,1321702
ORK.OL,Orkla,Food,Norway,2026-02-12,125.2,128.9,121.8,128.9,2039109
ORK.OL,Orkla,Food,Norway,2026-02-13,128.0,129.8,127.0,129.8,1405852
ORK.OL,Orkla,Food,Norway,2026-02-16,129.5,129.5,127.8,128.7,1059060
ORK.OL,Orkla,Food,Norway,2026-02-17,128.6,129.8,128.4,129.8,1221163
ORK.OL,Orkla,Food,Norway,2026-02-18,128.7,128.7,125.3,126.2,1200088
ORK.OL,Orkla,Food,Norway,2026-02-19,126.7,127.8,126.2,127.3,983663
ORK.OL,Orkla,Food,Norway,2026-02-20,127.4,130.1,127.1,130.1,7530630
ORK.OL,Orkla,Food,Norway,2026-02-23,130.0,130.2,128.8,130.2,859427
ORK.OL,Orkla,Food,Norway,2026-02-24,130.6,131.2,129.9,130.5,1399605
ORK.OL,Orkla,Food,Norway,2026-02-25,130.4,130.7,129.3,130.1,1497645
ORK.OL,Orkla,Food,Norway,2026-02-26,130.2,130.9,129.45,129.9,1049221
ORK.OL,Orkla,Food,Norway,2026-02-27,129.5,131.0,129.4,130.1,5222156
ORK.OL,Orkla,Food,Norway,2026-03-02,128.6,129.6,127.1,128.4,1294884
ORK.OL,Orkla,Food,Norway,2026-03-03,127.1,127.3,124.5,124.5,2229924
ORK.OL,Orkla,Food,Norway,2026-03-04,125.6,127.2,125.1,126.0,1797448
ORK.OL,Orkla,Food,Norway,2026-03-05,125.8,126.9,125.2,125.2,1339662
ORK.OL,Orkla,Food,Norway,2026-03-06,125.4,125.5,124.2,124.2,1496067
ORK.OL,Orkla,Food,Norway,2026-03-09,124.6,125.2,123.4,124.3,1193256
ORK.OL,Orkla,Food,Norway,2026-03-10,122.8,123.0,118.4,118.4,3232792
ORK.OL,Orkla,Food,Norway,2026-03-11,118.0,118.2,117.0,117.9,1836058
ORK.OL,Orkla,Food,Norway,2026-03-12,118.0,118.1,116.8,117.7,1649623
ORK.OL,Orkla,Food,Norway,2026-03-13,117.9,119.6,117.4,118.6,1013888
ORK.OL,Orkla,Food,Norway,2026-03-16,118.7,119.8,118.6,119.4,901779
ABI.BR,AB InBev,Beverage,Belgium,2025-12-17,54.54,55.76,54.46,55.58,2346155
ABI.BR,AB InBev,Beverage,Belgium,2025-12-18,55.8,56.16,54.64,55.34,1689265
ABI.BR,AB InBev,Beverage,Belgium,2025-12-19,55.1,55.68,55.06,55.48,2853493
ABI.BR,AB InBev,Beverage,Belgium,2025-12-22,54.44,54.8,53.66,54.12,1501718
ABI.BR,AB InBev,Beverage,Belgium,2025-12-23,53.96,54.5,53.92,54.26,1192707
ABI.BR,AB InBev,Beverage,Belgium,2025-12-24,53.98,54.48,53.9,54.38,218817
ABI.BR,AB InBev,Beverage,Belgium,2025-12-29,54.26,55.12,54.26,54.88,1060583
ABI.BR,AB InBev,Beverage,Belgium,2025-12-30,54.4,55.04,54.38,54.92,914886
ABI.BR,AB InBev,Beverage,Belgium,2025-12-31,54.94,54.94,54.74,54.9,445277
ABI.BR,AB InBev,Beverage,Belgium,2026-01-02,54.28,54.8,53.86,54.4,1192193
ABI.BR,AB InBev,Beverage,Belgium,2026-01-05,54.3,54.66,53.42,53.98,1179729
ABI.BR,AB InBev,Beverage,Belgium,2026-01-06,53.6,54.94,53.3,54.94,1370949
ABI.BR,AB InBev,Beverage,Belgium,2026-01-07,54.46,55.56,54.14,54.44,1668739
ABI.BR,AB InBev,Beverage,Belgium,2026-01-08,54.38,56.56,54.16,55.86,2684756
ABI.BR,AB InBev,Beverage,Belgium,2026-01-09,55.6,56.7,55.6,56.56,1427968
ABI.BR,AB InBev,Beverage,Belgium,2026-01-12,56.0,57.08,55.86,57.08,1712142
ABI.BR,AB InBev,Beverage,Belgium,2026-01-13,57.2,57.66,56.84,57.38,1308635
ABI.BR,AB InBev,Beverage,Belgium,2026-01-14,58.12,59.14,58.12,58.96,2420590
ABI.BR,AB InBev,Beverage,Belgium,2026-01-15,59.0,59.94,58.88,59.26,1882757
ABI.BR,AB InBev,Beverage,Belgium,2026-01-16,59.32,59.83,58.78,59.08,1872797
ABI.BR,AB InBev,Beverage,Belgium,2026-01-19,58.86,59.44,58.12,58.7,1126645
ABI.BR,AB InBev,Beverage,Belgium,2026-01-20,58.98,58.98,58.02,58.5,1504925
ABI.BR,AB InBev,Beverage,Belgium,2026-01-21,58.54,59.32,58.52,58.68,1470926
ABI.BR,AB InBev,Beverage,Belgium,2026-01-22,59.08,59.5,58.8,59.32,947381
ABI.BR,AB InBev,Beverage,Belgium,2026-01-23,59.02,59.28,58.76,58.88,890882
ABI.BR,AB InBev,Beverage,Belgium,2026-01-26,59.0,59.44,58.94,59.0,836059
ABI.BR,AB InBev,Beverage,Belgium,2026-01-27,58.56,58.82,58.24,58.82,1443155
ABI.BR,AB InBev,Beverage,Belgium,2026-01-28,58.46,59.18,58.0,58.72,1568783
ABI.BR,AB InBev,Beverage,Belgium,2026-01-29,59.06,59.9,58.88,59.64,1669946
ABI.BR,AB InBev,Beverage,Belgium,2026-01-30,59.64,60.4,59.38,60.08,1844169
ABI.BR,AB InBev,Beverage,Belgium,2026-02-02,60.52,61.88,60.52,61.12,1610199
ABI.BR,AB InBev,Beverage,Belgium,2026-02-03,61.34,62.32,60.98,62.32,1491366
ABI.BR,AB InBev,Beverage,Belgium,2026-02-04,62.02,63.7,61.66,63.6,1931085
ABI.BR,AB InBev,Beverage,Belgium,2026-02-05,63.12,64.02,62.7,64.02,3149411
ABI.BR,AB InBev,Beverage,Belgium,2026-02-06,63.94,64.58,63.66,64.26,2285146
ABI.BR,AB InBev,Beverage,Belgium,2026-02-09,63.74,64.04,63.4,63.66,2217787
ABI.BR,AB InBev,Beverage,Belgium,2026-02-10,63.02,63.62,62.28,63.48,1727077
ABI.BR,AB InBev,Beverage,Belgium,2026-02-11,63.3,64.88,63.14,64.86,2447722
ABI.BR,AB InBev,Beverage,Belgium,2026-02-12,65.9,68.64,65.52,68.54,3484641
ABI.BR,AB InBev,Beverage,Belgium,2026-02-13,67.5,67.88,66.58,67.68,2951731
ABI.BR,AB InBev,Beverage,Belgium,2026-02-16,67.0,67.26,66.2,67.2,1537452
ABI.BR,AB InBev,Beverage,Belgium,2026-02-17,67.0,67.68,66.54,67.06,1937607
ABI.BR,AB InBev,Beverage,Belgium,2026-02-18,67.06,67.54,66.26,67.54,2192060
ABI.BR,AB InBev,Beverage,Belgium,2026-02-19,66.62,66.72,65.84,66.66,2254547
ABI.BR,AB InBev,Beverage,Belgium,2026-02-20,67.1,67.14,66.3,66.92,2944886
ABI.BR,AB InBev,Beverage,Belgium,2026-02-23,66.52,67.76,66.5,67.76,2207904
ABI.BR,AB InBev,Beverage,Belgium,2026-02-24,67.8,68.32,67.58,68.3,1936847
ABI.BR,AB InBev,Beverage,Belgium,2026-02-25,68.2,68.2,66.46,67.22,2531280
ABI.BR,AB InBev,Beverage,Belgium,2026-02-26,67.0,67.48,66.7,67.42,1500436
ABI.BR,AB InBev,Beverage,Belgium,2026-02-27,67.34,68.82,67.24,68.82,3482764
ABI.BR,AB InBev,Beverage,Belgium,2026-03-02,67.94,67.96,66.98,67.28,1891774
ABI.BR,AB InBev,Beverage,Belgium,2026-03-03,66.1,66.7,65.0,65.6,2303069
ABI.BR,AB InBev,Beverage,Belgium,2026-03-04,65.6,66.22,64.18,64.48,1904755
ABI.BR,AB InBev,Beverage,Belgium,2026-03-05,64.46,65.18,63.9,64.0,1697122
ABI.BR,AB InBev,Beverage,Belgium,2026-03-06,63.46,63.64,62.32,63.14,2519869
ABI.BR,AB InBev,Beverage,Belgium,2026-03-09,61.72,62.7,61.5,62.58,1880254
ABI.BR,AB InBev,Beverage,Belgium,2026-03-10,62.74,63.34,62.24,63.32,1828703
ABI.BR,AB InBev,Beverage,Belgium,2026-03-11,62.64,63.38,62.38,62.68,1679807
ABI.BR,AB InBev,Beverage,Belgium,2026-03-12,62.64,62.96,62.08,62.62,1491032
ABI.BR,AB InBev,Beverage,Belgium,2026-03-13,62.02,64.06,61.96,63.76,1859763
ABI.BR,AB InBev,Beverage,Belgium,2026-03-16,62.62,64.02,62.6,63.66,1173407
HEIA.AS,Heineken,Beverage,Netherlands,2025-12-17,69.8,70.1,69.4,69.78,517733
HEIA.AS,Heineken,Beverage,Netherlands,2025-12-18,70.08,70.48,67.96,69.32,825084
HEIA.AS,Heineken,Beverage,Netherlands,2025-12-19,69.06,69.6,68.64,69.52,1349273
HEIA.AS,Heineken,Beverage,Netherlands,2025-12-22,68.86,69.22,67.74,68.5,590197
HEIA.AS,Heineken,Beverage,Netherlands,2025-12-23,68.7,68.88,68.2,68.28,442562
HEIA.AS,Heineken,Beverage,Netherlands,2025-12-24,68.02,68.94,67.96,68.6,189221
HEIA.AS,Heineken,Beverage,Netherlands,2025-12-29,68.66,69.44,68.66,69.42,526030
HEIA.AS,Heineken,Beverage,Netherlands,2025-12-30,69.2,69.84,68.78,69.64,458316
HEIA.AS,Heineken,Beverage,Netherlands,2025-12-31,69.64,69.74,69.38,69.74,154677
HEIA.AS,Heineken,Beverage,Netherlands,2026-01-02,69.5,69.64,68.62,69.0,625157
HEIA.AS,Heineken,Beverage,Netherlands,2026-01-05,69.0,69.08,67.74,68.04,791376
HEIA.AS,Heineken,Beverage,Netherlands,2026-01-06,67.46,68.28,66.42,68.28,1408933
HEIA.AS,Heineken,Beverage,Netherlands,2026-01-07,68.14,68.86,67.48,67.84,675249
HEIA.AS,Heineken,Beverage,Netherlands,2026-01-08,67.84,69.92,67.84,69.52,783133
HEIA.AS,Heineken,Beverage,Netherlands,2026-01-09,69.32,70.16,69.32,70.08,455961
HEIA.AS,Heineken,Beverage,Netherlands,2026-01-12,69.26,69.52,65.74,67.18,2799718
HEIA.AS,Heineken,Beverage,Netherlands,2026-01-13,67.0,67.18,66.14,66.88,1203152
HEIA.AS,Heineken,Beverage,Netherlands,2026-01-14,67.0,68.38,66.82,68.26,1164474
HEIA.AS,Heineken,Beverage,Netherlands,2026-01-15,68.16,68.72,67.44,67.96,952936
HEIA.AS,Heineken,Beverage,Netherlands,2026-01-16,67.74,68.58,67.7,68.12,865365
HEIA.AS,Heineken,Beverage,Netherlands,2026-01-19,67.6,67.98,67.1,67.26,391532
HEIA.AS,Heineken,Beverage,Netherlands,2026-01-20,67.24,67.38,66.54,66.9,528387
HEIA.AS,Heineken,Beverage,Netherlands,2026-01-21,66.68,67.72,66.6,67.0,608285
HEIA.AS,Heineken,Beverage,Netherlands,2026-01-22,67.86,68.3,67.3,67.98,690808
HEIA.AS,Heineken,Beverage,Netherlands,2026-01-23,67.56,68.3,67.48,67.76,573990
HEIA.AS,Heineken,Beverage,Netherlands,2026-01-26,67.2,67.7,66.82,67.12,596767
HEIA.AS,Heineken,Beverage,Netherlands,2026-01-27,66.94,67.34,66.64,66.98,656438
HEIA.AS,Heineken,Beverage,Netherlands,2026-01-28,66.8,67.78,66.32,67.6,772566
HEIA.AS,Heineken,Beverage,Netherlands,2026-01-29,67.9,69.08,67.76,68.8,911823
HEIA.AS,Heineken,Beverage,Netherlands,2026-01-30,68.8,69.56,68.6,69.34,649576
HEIA.AS,Heineken,Beverage,Netherlands,2026-02-02,70.0,71.14,70.0,70.5,684344
HEIA.AS,Heineken,Beverage,Netherlands,2026-02-03,70.58,71.6,70.36,71.6,515210
HEIA.AS,Heineken,Beverage,Netherlands,2026-02-04,70.72,73.78,70.68,73.6,1056724
HEIA.AS,Heineken,Beverage,Netherlands,2026-02-05,73.6,74.06,73.04,73.88,651703
HEIA.AS,Heineken,Beverage,Netherlands,2026-02-06,73.52,74.44,73.28,73.68,697890
HEIA.AS,Heineken,Beverage,Netherlands,2026-02-09,73.5,74.14,73.22,73.86,575181
HEIA.AS,Heineken,Beverage,Netherlands,2026-02-10,73.82,74.98,73.62,74.58,962535
HEIA.AS,Heineken,Beverage,Netherlands,2026-02-11,75.5,78.66,75.3,77.86,2096688
HEIA.AS,Heineken,Beverage,Netherlands,2026-02-12,78.5,80.24,78.18,80.12,1566238
HEIA.AS,Heineken,Beverage,Netherlands,2026-02-13,79.66,79.68,77.78,78.08,982530
HEIA.AS,Heineken,Beverage,Netherlands,2026-02-16,78.2,78.4,77.62,77.94,405856
HEIA.AS,Heineken,Beverage,Netherlands,2026-02-17,77.9,78.52,77.32,77.32,536271
HEIA.AS,Heineken,Beverage,Netherlands,2026-02-18,77.48,77.52,76.32,76.94,629716
HEIA.AS,Heineken,Beverage,Netherlands,2026-02-19,76.66,77.2,76.08,76.9,692104
HEIA.AS,Heineken,Beverage,Netherlands,2026-02-20,77.48,77.9,76.86,77.34,647608
HEIA.AS,Heineken,Beverage,Netherlands,2026-02-23,77.42,78.28,77.16,77.96,779133
HEIA.AS,Heineken,Beverage,Netherlands,2026-02-24,78.14,78.58,77.54,78.04,473401
HEIA.AS,Heineken,Beverage,Netherlands,2026-02-25,78.22,78.36,76.54,77.36,964922
HEIA.AS,Heineken,Beverage,Netherlands,2026-02-26,77.02,77.82,76.86,77.58,944169
HEIA.AS,Heineken,Beverage,Netherlands,2026-02-27,77.16,78.88,76.86,78.56,1143047
HEIA.AS,Heineken,Beverage,Netherlands,2026-03-02,77.0,77.98,75.66,76.64,608783
HEIA.AS,Heineken,Beverage,Netherlands,2026-03-03,75.5,75.94,74.16,74.36,604115
HEIA.AS,Heineken,Beverage,Netherlands,2026-03-04,74.64,74.74,72.96,72.96,566342
HEIA.AS,Heineken,Beverage,Netherlands,2026-03-05,73.0,73.34,71.66,71.86,802203
HEIA.AS,Heineken,Beverage,Netherlands,2026-03-06,72.0,72.0,70.82,71.7,739154
HEIA.AS,Heineken,Beverage,Netherlands,2026-03-09,71.0,71.0,69.8,70.58,502186
HEIA.AS,Heineken,Beverage,Netherlands,2026-03-10,71.48,71.52,70.34,71.14,836646
HEIA.AS,Heineken,Beverage,Netherlands,2026-03-11,70.5,71.12,70.16,70.4,405926
HEIA.AS,Heineken,Beverage,Netherlands,2026-03-12,70.46,70.52,69.4,69.7,442135
HEIA.AS,Heineken,Beverage,Netherlands,2026-03-13,69.7,71.66,69.4,71.42,641858
HEIA.AS,Heineken,Beverage,Netherlands,2026-03-16,71.1,71.8,70.9,71.02,458754
DGE.L,Diageo,Beverage,UK,2025-12-17,1673.0,1726.0,1667.5,1679.5,8425512
DGE.L,Diageo,Beverage,UK,2025-12-18,1687.0,1695.0,1662.5,1677.0,3495235
DGE.L,Diageo,Beverage,UK,2025-12-19,1651.5,1678.5,1624.0,1678.5,13762736
DGE.L,Diageo,Beverage,UK,2025-12-22,1668.0,1683.0,1610.5,1617.0,6779575
DGE.L,Diageo,Beverage,UK,2025-12-23,1599.0,1614.5,1587.0,1588.0,4018315
DGE.L,Diageo,Beverage,UK,2025-12-24,1605.0,1607.532,1588.963,1589.5,1142077
DGE.L,Diageo,Beverage,UK,2025-12-29,1593.0,1608.0,1588.0,1589.5,3881051
DGE.L,Diageo,Beverage,UK,2025-12-30,1588.0,1608.382,1579.0,1602.5,2030010
DGE.L,Diageo,Beverage,UK,2025-12-31,1612.5,1619.5,1600.084,1603.5,1070647
DGE.L,Diageo,Beverage,UK,2026-01-02,1601.5,1616.5,1581.5,1607.5,4105555
DGE.L,Diageo,Beverage,UK,2026-01-05,1615.0,1647.5,1583.0,1634.0,5082941
DGE.L,Diageo,Beverage,UK,2026-01-06,1650.0,1665.5,1621.5,1644.0,6375981
DGE.L,Diageo,Beverage,UK,2026-01-07,1624.0,1649.0,1564.0,1577.0,7231311
DGE.L,Diageo,Beverage,UK,2026-01-08,1582.0,1624.0,1579.0,1602.0,8278285
DGE.L,Diageo,Beverage,UK,2026-01-09,1607.0,1643.0,1606.5,1630.0,8707589
DGE.L,Diageo,Beverage,UK,2026-01-12,1635.0,1674.5,1630.5,1674.5,8960972
DGE.L,Diageo,Beverage,UK,2026-01-13,1688.5,1715.443,1664.0,1664.0,4632099
DGE.L,Diageo,Beverage,UK,2026-01-14,1663.5,1697.0,1649.575,1691.5,4484019
DGE.L,Diageo,Beverage,UK,2026-01-15,1687.0,1690.5,1650.5,1678.5,5118077
DGE.L,Diageo,Beverage,UK,2026-01-16,1662.5,1691.0,1652.0,1655.5,9133233
DGE.L,Diageo,Beverage,UK,2026-01-19,1631.0,1636.5,1609.5,1625.0,3230050
DGE.L,Diageo,Beverage,UK,2026-01-20,1613.5,1639.0,1605.0,1630.5,3953926
DGE.L,Diageo,Beverage,UK,2026-01-21,1641.0,1698.0,1640.0,1672.0,5015257
DGE.L,Diageo,Beverage,UK,2026-01-22,1689.0,1709.0,1421.5,1695.0,5094480
DGE.L,Diageo,Beverage,UK,2026-01-23,1680.5,1695.0,1663.5,1675.0,4232414
DGE.L,Diageo,Beverage,UK,2026-01-26,1673.5,1685.5,1649.5,1655.0,4896119
DGE.L,Diageo,Beverage,UK,2026-01-27,1638.5,1650.5,1602.5,1609.5,4064591
DGE.L,Diageo,Beverage,UK,2026-01-28,1608.0,1648.5,1603.5,1622.5,5140730
DGE.L,Diageo,Beverage,UK,2026-01-29,1640.0,1689.5,1628.0,1638.0,3775850
DGE.L,Diageo,Beverage,UK,2026-01-30,1646.0,1693.0,1645.0,1675.5,8487593
DGE.L,Diageo,Beverage,UK,2026-02-02,1693.0,1701.0,1663.5,1669.5,4574755
DGE.L,Diageo,Beverage,UK,2026-02-03,1677.0,1706.0,1661.5,1697.0,4507192
DGE.L,Diageo,Beverage,UK,2026-02-04,1699.5,1778.5,1694.0,1774.0,5844651
DGE.L,Diageo,Beverage,UK,2026-02-05,1784.5,1798.0,1769.0,1786.5,5061779
DGE.L,Diageo,Beverage,UK,2026-02-06,1775.0,1786.5,1745.5,1760.0,4339417
DGE.L,Diageo,Beverage,UK,2026-02-09,1779.5,1786.5,1755.5,1755.5,3390528
DGE.L,Diageo,Beverage,UK,2026-02-10,1770.0,1815.5,1769.0,1814.0,3567848
DGE.L,Diageo,Beverage,UK,2026-02-11,1809.5,1845.135,1804.5,1836.5,4624407
DGE.L,Diageo,Beverage,UK,2026-02-12,1846.0,1862.0,1828.0,1849.0,4829792
DGE.L,Diageo,Beverage,UK,2026-02-13,1833.0,1841.5,1807.0,1824.0,3967663
DGE.L,Diageo,Beverage,UK,2026-02-16,1825.5,1831.0,1802.0,1802.0,3355553
DGE.L,Diageo,Beverage,UK,2026-02-17,1805.0,1812.0,1792.0,1796.0,3419197
DGE.L,Diageo,Beverage,UK,2026-02-18,1780.0,1781.5,1741.5,1761.0,4454846
DGE.L,Diageo,Beverage,UK,2026-02-19,1764.0,1796.5,1745.5,1781.5,4525512
DGE.L,Diageo,Beverage,UK,2026-02-20,1799.5,1861.1,1790.0,1851.0,6947767
DGE.L,Diageo,Beverage,UK,2026-02-23,1854.5,1866.0,1830.0,1858.0,3045931
DGE.L,Diageo,Beverage,UK,2026-02-24,1862.0,1903.905,1856.5,1874.0,5708304
DGE.L,Diageo,Beverage,UK,2026-02-25,1805.0,1817.5,1583.5,1636.0,25070351
DGE.L,Diageo,Beverage,UK,2026-02-26,1600.0,1623.5,1584.5,1586.0,12308231
DGE.L,Diageo,Beverage,UK,2026-02-27,1587.0,1663.5,1575.0,1656.5,15597033
DGE.L,Diageo,Beverage,UK,2026-03-02,1621.0,1648.0,1599.0,1609.0,7066643
DGE.L,Diageo,Beverage,UK,2026-03-03,1580.0,1590.5,1544.5,1565.0,22963594
DGE.L,Diageo,Beverage,UK,2026-03-04,1565.5,1597.0,1509.0,1520.0,7473822
DGE.L,Diageo,Beverage,UK,2026-03-05,1533.0,1549.5,1520.5,1544.0,7000716
DGE.L,Diageo,Beverage,UK,2026-03-06,1537.0,1554.0,1524.988,1525.5,4154764
DGE.L,Diageo,Beverage,UK,2026-03-09,1504.0,1523.069,1491.0,1521.0,4639521
DGE.L,Diageo,Beverage,UK,2026-03-10,1524.5,1537.0,1494.0,1528.0,6521475
DGE.L,Diageo,Beverage,UK,2026-03-11,1525.0,1528.0,1489.0,1492.0,10400421
DGE.L,Diageo,Beverage,UK,2026-03-12,1484.0,1485.0,1420.5,1437.5,7049349
DGE.L,Diageo,Beverage,UK,2026-03-13,1436.5,1470.0,1422.0,1467.5,8489426
DGE.L,Diageo,Beverage,UK,2026-03-16,1461.5,1478.0,1447.5,1450.0,4595291
CCH.L,Coca-Cola HBC,Beverage,UK,2025-12-17,3728.0,3780.0,3726.0,3780.0,3905527
CCH.L,Coca-Cola HBC,Beverage,UK,2025-12-18,3782.0,3830.0,3778.0,3830.0,479571
CCH.L,Coca-Cola HBC,Beverage,UK,2025-12-19,3802.0,3884.0,3794.0,3864.0,2135099
CCH.L,Coca-Cola HBC,Beverage,UK,2025-12-22,3828.0,3846.0,3808.0,3838.0,263953
CCH.L,Coca-Cola HBC,Beverage,UK,2025-12-23,3846.0,3854.0,3832.0,3836.0,178750
CCH.L,Coca-Cola HBC,Beverage,UK,2025-12-24,3828.0,3846.0,3822.0,3822.0,57409
CCH.L,Coca-Cola HBC,Beverage,UK,2025-12-29,3820.0,3844.0,3800.0,3822.0,152584
CCH.L,Coca-Cola HBC,Beverage,UK,2025-12-30,3820.0,3862.0,3820.0,3854.0,133292
CCH.L,Coca-Cola HBC,Beverage,UK,2025-12-31,3858.0,3866.0,3842.0,3842.0,121669
CCH.L,Coca-Cola HBC,Beverage,UK,2026-01-02,3850.0,3866.0,3758.0,3768.0,590707
CCH.L,Coca-Cola HBC,Beverage,UK,2026-01-05,3770.0,3778.0,3686.0,3714.0,328339
CCH.L,Coca-Cola HBC,Beverage,UK,2026-01-06,3722.0,3722.0,3672.0,3692.0,325490
CCH.L,Coca-Cola HBC,Beverage,UK,2026-01-07,3668.0,3728.0,3650.0,3712.0,303030
CCH.L,Coca-Cola HBC,Beverage,UK,2026-01-08,3712.0,3926.0,3700.0,3918.0,649165
CCH.L,Coca-Cola HBC,Beverage,UK,2026-01-09,3926.0,3958.0,3912.0,3938.0,284514
CCH.L,Coca-Cola HBC,Beverage,UK,2026-01-12,3934.0,3972.0,3912.0,3920.0,325670
CCH.L,Coca-Cola HBC,Beverage,UK,2026-01-13,3922.0,3948.0,3834.0,3846.0,1164930
CCH.L,Coca-Cola HBC,Beverage,UK,2026-01-14,3848.0,3936.0,3842.0,3904.0,640648
CCH.L,Coca-Cola HBC,Beverage,UK,2026-01-15,3910.0,3958.0,3906.0,3922.0,550622
CCH.L,Coca-Cola HBC,Beverage,UK,2026-01-16,3904.0,3972.0,3894.0,3926.0,435062
CCH.L,Coca-Cola HBC,Beverage,UK,2026-01-19,3920.0,3930.0,3890.0,3924.0,352814
CCH.L,Coca-Cola HBC,Beverage,UK,2026-01-20,3940.0,3954.0,3908.0,3920.0,452630
CCH.L,Coca-Cola HBC,Beverage,UK,2026-01-21,3906.0,3948.0,3870.0,3882.0,342615
CCH.L,Coca-Cola HBC,Beverage,UK,2026-01-22,3934.0,3944.0,3890.0,3908.0,346277
CCH.L,Coca-Cola HBC,Beverage,UK,2026-01-23,3830.0,3890.1951,3826.0,3890.0,354363
CCH.L,Coca-Cola HBC,Beverage,UK,2026-01-26,3904.0,3916.0,3860.0,3904.0,323966
CCH.L,Coca-Cola HBC,Beverage,UK,2026-01-27,3904.0,3916.5491,3878.0,3912.0,242674
CCH.L,Coca-Cola HBC,Beverage,UK,2026-01-28,3878.0,3938.0,3870.0,3938.0,324845
CCH.L,Coca-Cola HBC,Beverage,UK,2026-01-29,3946.0,3970.0,3931.9031,3960.0,429487
CCH.L,Coca-Cola HBC,Beverage,UK,2026-01-30,3978.0,3978.0,3944.0,3950.0,445103
CCH.L,Coca-Cola HBC,Beverage,UK,2026-02-02,4020.0,4042.0,3984.0,4024.0,555487
CCH.L,Coca-Cola HBC,Beverage,UK,2026-02-03,4022.0,4080.0,4004.3999,4068.0,1207565
CCH.L,Coca-Cola HBC,Beverage,UK,2026-02-04,4090.0,4230.0,4076.0,4230.0,817231
CCH.L,Coca-Cola HBC,Beverage,UK,2026-02-05,4216.0,4268.0,4178.0,4258.0,470406
CCH.L,Coca-Cola HBC,Beverage,UK,2026-02-06,4254.0,4320.0,4238.0,4262.0,454358
CCH.L,Coca-Cola HBC,Beverage,UK,2026-02-09,4278.0,4320.665,4258.0,4278.0,740723
CCH.L,Coca-Cola HBC,Beverage,UK,2026-02-10,4342.0,4528.0,4330.0,4478.0,882481
CCH.L,Coca-Cola HBC,Beverage,UK,2026-02-11,4498.0,4660.0,4482.835,4630.0,1076370
CCH.L,Coca-Cola HBC,Beverage,UK,2026-02-12,4630.0,4740.0,4586.0,4722.0,919409
CCH.L,Coca-Cola HBC,Beverage,UK,2026-02-13,4718.0,4726.0,4648.0,4704.0,585847
CCH.L,Coca-Cola HBC,Beverage,UK,2026-02-16,4684.0,4704.0,4630.0,4704.0,367155
CCH.L,Coca-Cola HBC,Beverage,UK,2026-02-17,4704.0,4756.0,4694.0,4724.0,364095
CCH.L,Coca-Cola HBC,Beverage,UK,2026-02-18,4716.0,4798.0,4716.0,4736.0,565746
CCH.L,Coca-Cola HBC,Beverage,UK,2026-02-19,4732.0,4742.0,4692.0,4722.0,406605
CCH.L,Coca-Cola HBC,Beverage,UK,2026-02-20,4722.0,4796.0,4694.0,4774.0,865146
CCH.L,Coca-Cola HBC,Beverage,UK,2026-02-23,4796.0,4850.0,4766.0,4850.0,193296
CCH.L,Coca-Cola HBC,Beverage,UK,2026-02-24,4830.0,4890.0,4786.0,4786.0,375000
CCH.L,Coca-Cola HBC,Beverage,UK,2026-02-25,4770.0,4810.0,4730.0,4810.0,331119
CCH.L,Coca-Cola HBC,Beverage,UK,2026-02-26,4796.0,4808.0,4767.0,4768.0,276638
CCH.L,Coca-Cola HBC,Beverage,UK,2026-02-27,4776.0,4838.0,4764.0,4810.0,781706
CCH.L,Coca-Cola HBC,Beverage,UK,2026-03-02,4760.0,4766.0,4706.0,4748.0,394554
CCH.L,Coca-Cola HBC,Beverage,UK,2026-03-03,4700.0,4722.0,4556.0,4596.0,619862
CCH.L,Coca-Cola HBC,Beverage,UK,2026-03-04,4576.0,4670.0,4566.0,4566.0,627036
CCH.L,Coca-Cola HBC,Beverage,UK,2026-03-05,4566.0,4634.0,4528.0,4542.0,676957
CCH.L,Coca-Cola HBC,Beverage,UK,2026-03-06,4554.0,4556.0,4446.0,4496.0,345579
CCH.L,Coca-Cola HBC,Beverage,UK,2026-03-09,4462.0,4532.0,4398.0,4500.0,1099905
CCH.L,Coca-Cola HBC,Beverage,UK,2026-03-10,4548.0,4602.9302,4522.0,4580.0,1112151
CCH.L,Coca-Cola HBC,Beverage,UK,2026-03-11,4564.0,4580.0,4514.0,4528.0,889502
CCH.L,Coca-Cola HBC,Beverage,UK,2026-03-12,4502.0,4532.0,4474.0,4474.0,571544
CCH.L,Coca-Cola HBC,Beverage,UK,2026-03-13,4460.0,4550.0,4422.0,4548.0,440881
CCH.L,Coca-Cola HBC,Beverage,UK,2026-03-16,4542.0,4596.0,4532.0,4554.0,564646
BATS.L,BAT,Tobacco,UK,2025-12-17,4269.3914,4314.3849,4262.3924,4281.3896,3128933
BATS.L,BAT,Tobacco,UK,2025-12-18,4274.3906,4330.5325,4235.3961,4284.3892,6373126
BATS.L,BAT,Tobacco,UK,2025-12-19,4277.3905,4876.2251,4193.4025,4235.3965,29522036
BATS.L,BAT,Tobacco,UK,2025-12-22,4199.4016,4244.3952,4192.4026,4218.3989,4082261
BATS.L,BAT,Tobacco,UK,2025-12-23,4210.4001,4245.3951,4206.4006,4218.3989,1284414
BATS.L,BAT,Tobacco,UK,2025-12-24,4231.397,4240.032,4197.4018,4214.3994,309137
BATS.L,BAT,Tobacco,UK,2025-12-29,4167.0,4185.0,4132.0,4170.0,1208438
BATS.L,BAT,Tobacco,UK,2025-12-30,4161.0,4198.0,4148.0,4195.0,1128811
BATS.L,BAT,Tobacco,UK,2025-12-31,4204.0,4220.0,4198.0,4214.0,584295
BATS.L,BAT,Tobacco,UK,2026-01-02,4169.0,4206.0,4099.0,4189.0,5010611
BATS.L,BAT,Tobacco,UK,2026-01-05,4197.0,4208.0,4039.0,4067.0,2071078
BATS.L,BAT,Tobacco,UK,2026-01-06,4060.0,4076.0,4036.0,4036.0,2358935
BATS.L,BAT,Tobacco,UK,2026-01-07,4007.0,4018.0,3960.0,3966.0,2580830
BATS.L,BAT,Tobacco,UK,2026-01-08,3969.0,4041.0,3962.0,4010.0,2203576
BATS.L,BAT,Tobacco,UK,2026-01-09,4008.0,4060.0,3982.0,4060.0,1899218
BATS.L,BAT,Tobacco,UK,2026-01-12,4101.0,4134.0,4083.0,4119.0,2233325
BATS.L,BAT,Tobacco,UK,2026-01-13,4128.0,4209.0,4113.0,4205.0,2582708
BATS.L,BAT,Tobacco,UK,2026-01-14,4197.0,4247.0,4160.0,4240.0,3553599
BATS.L,BAT,Tobacco,UK,2026-01-15,4267.0,4339.0,4252.6519,4339.0,4382716
BATS.L,BAT,Tobacco,UK,2026-01-16,4323.0,4386.0,4306.0,4326.0,4628043
BATS.L,BAT,Tobacco,UK,2026-01-19,4346.0,4377.0,4306.0,4373.0,2332107
BATS.L,BAT,Tobacco,UK,2026-01-20,4360.0,4360.0,4194.0,4257.0,4153505
BATS.L,BAT,Tobacco,UK,2026-01-21,4194.0,4297.0,4194.0,4248.0,4650164
BATS.L,BAT,Tobacco,UK,2026-01-22,4297.0,4365.0,4206.27,4313.0,4447665
BATS.L,BAT,Tobacco,UK,2026-01-23,4311.0,4340.0,4293.0,4328.0,2633857
BATS.L,BAT,Tobacco,UK,2026-01-26,4350.0,4364.0,4308.0,4308.0,4314304
BATS.L,BAT,Tobacco,UK,2026-01-27,4298.0,4355.0,4287.0,4338.0,8570910
BATS.L,BAT,Tobacco,UK,2026-01-28,4344.0,4355.0,4302.0,4332.0,2464872
BATS.L,BAT,Tobacco,UK,2026-01-29,4339.0,4394.0,4308.0,4327.0,5517735
BATS.L,BAT,Tobacco,UK,2026-01-30,4342.0,4391.0,4305.0,4376.0,5554445
BATS.L,BAT,Tobacco,UK,2026-02-02,4400.0,4460.0,4388.0,4432.0,5441562
BATS.L,BAT,Tobacco,UK,2026-02-03,4448.0,4514.0,4443.0,4506.0,5976813
BATS.L,BAT,Tobacco,UK,2026-02-04,4550.0,4574.0,4483.0,4494.0,5934205
BATS.L,BAT,Tobacco,UK,2026-02-05,4493.0,4580.0,4458.0,4555.0,4898674
BATS.L,BAT,Tobacco,UK,2026-02-06,4560.0,4615.0,4526.0,4609.0,3765864
BATS.L,BAT,Tobacco,UK,2026-02-09,4589.0,4600.0,4456.0,4456.0,3001124
BATS.L,BAT,Tobacco,UK,2026-02-10,4444.0,4449.9751,4336.0,4370.0,4789978
BATS.L,BAT,Tobacco,UK,2026-02-11,4389.0,4456.0,4379.0,4426.0,3259123
BATS.L,BAT,Tobacco,UK,2026-02-12,4426.0,4484.0,4277.6001,4404.0,7001535
BATS.L,BAT,Tobacco,UK,2026-02-13,4472.0,4472.0,4323.0,4354.0,7686411
BATS.L,BAT,Tobacco,UK,2026-02-16,4349.0,4356.168,4262.0,4305.0,1981105
BATS.L,BAT,Tobacco,UK,2026-02-17,4309.0,4357.0,4300.0,4324.0,6655578
BATS.L,BAT,Tobacco,UK,2026-02-18,4344.0,4372.0,4334.0,4344.0,2431919
BATS.L,BAT,Tobacco,UK,2026-02-19,4359.0,4475.0,4345.0,4473.0,3557594
BATS.L,BAT,Tobacco,UK,2026-02-20,4504.0,4599.0,4480.0,4569.0,5398673
BATS.L,BAT,Tobacco,UK,2026-02-23,4570.0,4647.0,4527.0,4597.0,2746866
BATS.L,BAT,Tobacco,UK,2026-02-24,4617.0,4617.0,4510.0,4557.0,9534466
BATS.L,BAT,Tobacco,UK,2026-02-25,4573.0,4625.0,4528.0,4613.0,12528581
BATS.L,BAT,Tobacco,UK,2026-02-26,4625.0,4648.0,4587.0,4629.0,3261520
BATS.L,BAT,Tobacco,UK,2026-02-27,4605.0,4673.0,4576.0,4640.0,5423134
BATS.L,BAT,Tobacco,UK,2026-03-02,4620.0,4660.0,4614.0,4618.0,3797234
BATS.L,BAT,Tobacco,UK,2026-03-03,4649.0,4655.0,4464.0,4464.0,3931741
BATS.L,BAT,Tobacco,UK,2026-03-04,4443.0,4584.0,4443.0,4527.0,3151739
BATS.L,BAT,Tobacco,UK,2026-03-05,4518.0,4522.0,4374.3911,4388.0,5828531
BATS.L,BAT,Tobacco,UK,2026-03-06,4371.0,4377.0,4261.0,4282.0,4419446
BATS.L,BAT,Tobacco,UK,2026-03-09,4280.0,4336.0,4230.0,4309.0,2987953
BATS.L,BAT,Tobacco,UK,2026-03-10,4341.0,4426.0,4331.0,4421.0,6188503
BATS.L,BAT,Tobacco,UK,2026-03-11,4410.0,4427.0,4358.0,4368.0,3407241
BATS.L,BAT,Tobacco,UK,2026-03-12,4368.0,4462.0,4350.0,4448.0,5873611
BATS.L,BAT,Tobacco,UK,2026-03-13,4461.0,4537.0,4412.0,4519.0,3398402
BATS.L,BAT,Tobacco,UK,2026-03-16,4535.0,4620.0,4517.0,4572.0,3337428
IMB.L,Imperial Brands,Tobacco,UK,2025-12-17,3189.6068,3216.6035,3171.609,3180.6079,1111385
IMB.L,Imperial Brands,Tobacco,UK,2025-12-18,3186.6072,3198.6057,3161.6083,3196.606,3812939
IMB.L,Imperial Brands,Tobacco,UK,2025-12-19,3185.6072,3631.5922,3162.61,3175.6084,8902414
IMB.L,Imperial Brands,Tobacco,UK,2025-12-22,3156.6108,3160.6103,3105.6171,3144.6123,1088287
IMB.L,Imperial Brands,Tobacco,UK,2025-12-23,3149.6117,3162.6101,3128.6143,3134.6135,916357
IMB.L,Imperial Brands,Tobacco,UK,2025-12-24,3134.6136,3147.612,3122.2172,3125.6147,220964
IMB.L,Imperial Brands,Tobacco,UK,2025-12-29,3131.614,3134.6136,3105.6172,3107.6169,507122
IMB.L,Imperial Brands,Tobacco,UK,2025-12-30,3105.6172,3129.6143,3103.6175,3129.6143,630906
IMB.L,Imperial Brands,Tobacco,UK,2025-12-31,3146.612,3157.6107,3118.6155,3118.6155,531223
IMB.L,Imperial Brands,Tobacco,UK,2026-01-02,3119.6154,3128.6143,3091.6188,3124.6147,3751266
IMB.L,Imperial Brands,Tobacco,UK,2026-01-05,3131.614,3139.6131,2996.6307,3046.6245,1705441
IMB.L,Imperial Brands,Tobacco,UK,2026-01-06,3049.624,3071.6213,3030.6264,3041.625,1324174
IMB.L,Imperial Brands,Tobacco,UK,2026-01-07,3022.6273,3038.6253,2993.6309,3003.6296,2016557
IMB.L,Imperial Brands,Tobacco,UK,2026-01-08,2991.6311,3030.6263,2978.6327,3019.6277,2304756
IMB.L,Imperial Brands,Tobacco,UK,2026-01-09,3018.6279,3028.6267,2983.6322,3010.6289,1812576
IMB.L,Imperial Brands,Tobacco,UK,2026-01-12,3038.6255,3041.6251,3018.6279,3024.6272,630540
IMB.L,Imperial Brands,Tobacco,UK,2026-01-13,3023.6273,3031.6263,2989.6315,3008.6292,3095013
IMB.L,Imperial Brands,Tobacco,UK,2026-01-14,3012.6286,3032.6261,2976.633,3023.6272,1273613
IMB.L,Imperial Brands,Tobacco,UK,2026-01-15,3031.6264,3062.6226,3016.6282,3062.6226,1725104
IMB.L,Imperial Brands,Tobacco,UK,2026-01-16,3050.6239,3084.6197,3043.6248,3043.6248,790405
IMB.L,Imperial Brands,Tobacco,UK,2026-01-19,3059.6227,3099.6178,3046.6243,3098.6179,715487
IMB.L,Imperial Brands,Tobacco,UK,2026-01-20,3105.6172,3105.6172,3001.63,3032.6262,1110229
IMB.L,Imperial Brands,Tobacco,UK,2026-01-21,2999.6302,3049.6241,2992.6311,2992.6311,1265327
IMB.L,Imperial Brands,Tobacco,UK,2026-01-22,3009.629,3063.6224,2992.6311,3012.6287,749479
IMB.L,Imperial Brands,Tobacco,UK,2026-01-23,3018.6278,3038.6253,2999.6302,3023.6272,1007988
IMB.L,Imperial Brands,Tobacco,UK,2026-01-26,3044.6247,3046.6245,3010.6289,3010.6289,811501
IMB.L,Imperial Brands,Tobacco,UK,2026-01-27,3019.6278,3035.6258,3009.0681,3020.6277,1141329
IMB.L,Imperial Brands,Tobacco,UK,2026-01-28,3008.6291,3033.626,3003.6297,3027.6267,6990706
IMB.L,Imperial Brands,Tobacco,UK,2026-01-29,3018.6278,3039.6252,3008.629,3023.6272,4545889
IMB.L,Imperial Brands,Tobacco,UK,2026-01-30,3009.629,3065.6221,2993.6309,3065.6221,1064987
IMB.L,Imperial Brands,Tobacco,UK,2026-02-02,3075.6209,3102.6175,3063.6223,3081.6201,909456
IMB.L,Imperial Brands,Tobacco,UK,2026-02-03,3095.6184,3160.6104,3083.6198,3160.6104,1774419
IMB.L,Imperial Brands,Tobacco,UK,2026-02-04,3160.6103,3259.5981,3147.612,3259.5981,1925202
IMB.L,Imperial Brands,Tobacco,UK,2026-02-05,3267.5972,3299.5933,3234.6013,3291.5942,1415795
IMB.L,Imperial Brands,Tobacco,UK,2026-02-06,3274.5963,3340.5881,3264.5975,3340.5881,1602601
IMB.L,Imperial Brands,Tobacco,UK,2026-02-09,3331.5892,3339.5882,3293.5939,3294.5938,2034538
IMB.L,Imperial Brands,Tobacco,UK,2026-02-10,3273.5964,3290.5943,3234.6012,3261.5979,1168877
IMB.L,Imperial Brands,Tobacco,UK,2026-02-11,3275.5961,3338.5883,3267.5971,3302.5928,1086454
IMB.L,Imperial Brands,Tobacco,UK,2026-02-12,3306.5924,3316.5911,3213.6038,3283.5952,1926037
IMB.L,Imperial Brands,Tobacco,UK,2026-02-13,3283.5952,3297.5935,3245.5999,3287.5947,2033962
IMB.L,Imperial Brands,Tobacco,UK,2026-02-16,3272.5966,3281.5955,3199.6056,3218.6033,1670187
IMB.L,Imperial Brands,Tobacco,UK,2026-02-17,3230.6018,3266.5974,3210.6043,3234.6013,1054566
IMB.L,Imperial Brands,Tobacco,UK,2026-02-18,3244.6001,3262.7959,3221.6029,3250.5994,2092085
IMB.L,Imperial Brands,Tobacco,UK,2026-02-19,3208.0,3252.418,3185.0,3200.0,8957203
IMB.L,Imperial Brands,Tobacco,UK,2026-02-20,3213.0,3251.0,3208.0,3230.0,6277409
IMB.L,Imperial Brands,Tobacco,UK,2026-02-23,3230.0,3300.0,3212.0,3300.0,1690117
IMB.L,Imperial Brands,Tobacco,UK,2026-02-24,3308.0,3308.76,3231.0,3243.0,2941202
IMB.L,Imperial Brands,Tobacco,UK,2026-02-25,3260.0,3283.0,3214.0,3272.0,2107694
IMB.L,Imperial Brands,Tobacco,UK,2026-02-26,3268.0,3287.0,3230.0,3287.0,909220
IMB.L,Imperial Brands,Tobacco,UK,2026-02-27,3290.0,3340.0,3271.0,3325.0,3271158
IMB.L,Imperial Brands,Tobacco,UK,2026-03-02,3303.0,3337.0,3285.0,3296.0,1097944
IMB.L,Imperial Brands,Tobacco,UK,2026-03-03,3302.0,3306.0,3196.0,3197.0,5347564
IMB.L,Imperial Brands,Tobacco,UK,2026-03-04,3209.0,3312.0,3200.0,3270.0,2341361
IMB.L,Imperial Brands,Tobacco,UK,2026-03-05,3264.0,3264.0,3148.0,3176.0,1701791
IMB.L,Imperial Brands,Tobacco,UK,2026-03-06,3180.0,3184.0,3124.0,3162.0,3776794
IMB.L,Imperial Brands,Tobacco,UK,2026-03-09,3159.0,3177.0,3127.0801,3143.0,2646633
IMB.L,Imperial Brands,Tobacco,UK,2026-03-10,3171.0,3178.0,3142.0,3157.0,4672062
IMB.L,Imperial Brands,Tobacco,UK,2026-03-11,3157.0,3162.0,3094.0,3094.0,2643806
IMB.L,Imperial Brands,Tobacco,UK,2026-03-12,3095.0,3127.0,3078.0,3127.0,3887021
IMB.L,Imperial Brands,Tobacco,UK,2026-03-13,3110.0,3203.0,3107.0,3201.0,1484934
IMB.L,Imperial Brands,Tobacco,UK,2026-03-16,3211.0,3256.0,3193.0,3254.0,2448714
ULVR.L,Unilever,Home & Personal Care,UK,2025-12-17,4781.1413,4895.1327,4778.6415,4881.1338,4124399
ULVR.L,Unilever,Home & Personal Care,UK,2025-12-18,4925.6306,4929.6303,4845.1366,4889.6333,11834434
ULVR.L,Unilever,Home & Personal Care,UK,2025-12-19,4861.1354,5541.6943,4855.1359,4889.6333,18555792
ULVR.L,Unilever,Home & Personal Care,UK,2025-12-22,4881.6341,4881.6341,4832.1378,4840.1372,3740755
ULVR.L,Unilever,Home & Personal Care,UK,2025-12-23,4825.1381,4865.6351,4822.3483,4857.1357,2707957
ULVR.L,Unilever,Home & Personal Care,UK,2025-12-24,4859.6356,4859.6356,4821.1384,4837.6372,965125
ULVR.L,Unilever,Home & Personal Care,UK,2025-12-29,4859.6357,4879.6342,4826.6382,4859.6357,1856866
ULVR.L,Unilever,Home & Personal Care,UK,2025-12-30,4834.1374,4867.1349,4834.1374,4855.6357,972638
ULVR.L,Unilever,Home & Personal Care,UK,2025-12-31,4863.1354,4874.6346,4852.6362,4859.1357,740510
ULVR.L,Unilever,Home & Personal Care,UK,2026-01-02,4851.136,4878.134,4798.14,4822.1382,2104974
ULVR.L,Unilever,Home & Personal Care,UK,2026-01-05,4822.1382,4824.138,4658.1505,4698.6475,2719572
ULVR.L,Unilever,Home & Personal Care,UK,2026-01-06,4680.6488,4769.6421,4656.1506,4743.644,3602559
ULVR.L,Unilever,Home & Personal Care,UK,2026-01-07,4743.6444,4753.0367,4609.1066,4630.6528,3393853
ULVR.L,Unilever,Home & Personal Care,UK,2026-01-08,4594.1557,4679.6493,4584.1564,4664.6504,4587618
ULVR.L,Unilever,Home & Personal Care,UK,2026-01-09,4712.1464,4749.6436,4677.649,4743.644,2541158
ULVR.L,Unilever,Home & Personal Care,UK,2026-01-12,4769.6421,4790.6406,4743.1441,4770.1421,3780204
ULVR.L,Unilever,Home & Personal Care,UK,2026-01-13,4758.6433,4784.6413,4731.1453,4774.1421,2514056
ULVR.L,Unilever,Home & Personal Care,UK,2026-01-14,4776.6418,4831.1377,4767.1425,4831.1377,2522435
ULVR.L,Unilever,Home & Personal Care,UK,2026-01-15,4813.6391,4826.1391,4778.6417,4780.1416,3035490
ULVR.L,Unilever,Home & Personal Care,UK,2026-01-16,4773.6421,4799.1402,4750.1439,4761.1431,3327129
ULVR.L,Unilever,Home & Personal Care,UK,2026-01-19,4799.6403,4812.1393,4744.6444,4755.6436,2244989
ULVR.L,Unilever,Home & Personal Care,UK,2026-01-20,4750.6439,4778.1418,4711.6468,4774.6421,4263471
ULVR.L,Unilever,Home & Personal Care,UK,2026-01-21,4790.1407,4853.136,4777.1417,4784.6411,2175360
ULVR.L,Unilever,Home & Personal Care,UK,2026-01-22,4783.1411,4848.1362,4756.6431,4815.6387,2360876
ULVR.L,Unilever,Home & Personal Care,UK,2026-01-23,4815.6389,4863.8784,4802.1399,4863.6353,2345026
ULVR.L,Unilever,Home & Personal Care,UK,2026-01-26,4863.6351,4904.132,4842.1367,4861.1353,3308726
ULVR.L,Unilever,Home & Personal Care,UK,2026-01-27,4851.6362,4897.6327,4841.137,4864.1353,2321628
ULVR.L,Unilever,Home & Personal Care,UK,2026-01-28,4846.6368,4847.1368,4769.1426,4815.1392,2858798
ULVR.L,Unilever,Home & Personal Care,UK,2026-01-29,4775.6421,4887.1338,4755.6436,4867.1353,4435435
ULVR.L,Unilever,Home & Personal Care,UK,2026-01-30,4864.1351,4946.1289,4845.6365,4940.1294,3142406
ULVR.L,Unilever,Home & Personal Care,UK,2026-02-02,4999.6249,5054.6208,4985.6259,4991.6255,5358414
ULVR.L,Unilever,Home & Personal Care,UK,2026-02-03,4983.1262,5044.6216,4927.6304,5044.6216,4343677
ULVR.L,Unilever,Home & Personal Care,UK,2026-02-04,5032.6227,5184.6113,5030.6228,5177.6118,4701431
ULVR.L,Unilever,Home & Personal Care,UK,2026-02-05,5197.6103,5277.6043,5146.6142,5249.6064,3022675
ULVR.L,Unilever,Home & Personal Care,UK,2026-02-06,5234.6076,5267.6051,5209.6094,5249.6064,3171936
ULVR.L,Unilever,Home & Personal Care,UK,2026-02-09,5215.609,5233.6076,5157.6133,5164.6128,2768730
ULVR.L,Unilever,Home & Personal Care,UK,2026-02-10,5174.6121,5245.6068,5155.6135,5243.6069,4731871
ULVR.L,Unilever,Home & Personal Care,UK,2026-02-11,5235.6074,5327.6005,5235.6074,5319.6011,3600144
ULVR.L,Unilever,Home & Personal Care,UK,2026-02-12,5359.5983,5359.5983,5129.6155,5354.5986,5219335
ULVR.L,Unilever,Home & Personal Care,UK,2026-02-13,5339.5997,5468.59,5320.6011,5431.5928,9368012
ULVR.L,Unilever,Home & Personal Care,UK,2026-02-16,5431.5929,5434.5926,5373.5972,5419.5938,3559283
ULVR.L,Unilever,Home & Personal Care,UK,2026-02-17,5412.5942,5474.5896,5403.5949,5412.5942,3295351
ULVR.L,Unilever,Home & Personal Care,UK,2026-02-18,5382.5965,5408.5945,5327.6006,5327.6006,4672412
ULVR.L,Unilever,Home & Personal Care,UK,2026-02-19,5320.601,5365.1978,5303.6023,5319.6011,8497146
ULVR.L,Unilever,Home & Personal Care,UK,2026-02-20,5322.601,5381.5965,5310.6019,5379.5967,3134431
ULVR.L,Unilever,Home & Personal Care,UK,2026-02-23,5419.5935,5464.5901,5379.5965,5461.5903,5131542
ULVR.L,Unilever,Home & Personal Care,UK,2026-02-24,5472.5898,5525.5858,5457.5909,5471.5898,3043843
ULVR.L,Unilever,Home & Personal Care,UK,2026-02-25,5479.5889,5490.588,5360.5978,5401.5947,5258840
ULVR.L,Unilever,Home & Personal Care,UK,2026-02-26,5368.0,5387.0,5345.0,5361.0,3668403
ULVR.L,Unilever,Home & Personal Care,UK,2026-02-27,5369.0,5474.0,5351.0,5467.0,4757029
ULVR.L,Unilever,Home & Personal Care,UK,2026-03-02,5434.0,5434.0,5304.0,5326.0,4052374
ULVR.L,Unilever,Home & Personal Care,UK,2026-03-03,5299.0,5305.02,5128.0,5134.0,4150649
ULVR.L,Unilever,Home & Personal Care,UK,2026-03-04,5163.0,5169.0,5104.5,5115.0,4306655
ULVR.L,Unilever,Home & Personal Care,UK,2026-03-05,5134.0,5134.0,5040.0,5056.0,5119634
ULVR.L,Unilever,Home & Personal Care,UK,2026-03-06,5036.0,5044.2139,4916.0,4935.0,5305754
ULVR.L,Unilever,Home & Personal Care,UK,2026-03-09,4926.0,4926.0,4843.0,4903.5,3613367
ULVR.L,Unilever,Home & Personal Care,UK,2026-03-10,4915.0,4945.0,4865.0,4907.0,4737907
ULVR.L,Unilever,Home & Personal Care,UK,2026-03-11,4879.5,4898.0,4824.0,4846.0,4203018
ULVR.L,Unilever,Home & Personal Care,UK,2026-03-12,4837.0,4874.0,4808.5,4827.5,4431996
ULVR.L,Unilever,Home & Personal Care,UK,2026-03-13,4792.0,4855.0,4748.9658,4834.5,3104478
ULVR.L,Unilever,Home & Personal Care,UK,2026-03-16,4839.0,4913.5,4835.5,4881.0,3022549
OR.PA,L'Oréal,Home & Personal Care,France,2025-12-17,373.7,375.7,371.5,375.7,261334
OR.PA,L'Oréal,Home & Personal Care,France,2025-12-18,376.25,378.55,373.9,375.9,312201
OR.PA,L'Oréal,Home & Personal Care,France,2025-12-19,370.25,374.35,367.4,371.0,743427
OR.PA,L'Oréal,Home & Personal Care,France,2025-12-22,368.6,369.7,366.45,366.45,194302
OR.PA,L'Oréal,Home & Personal Care,France,2025-12-23,366.55,367.0,360.8,362.55,222173
OR.PA,L'Oréal,Home & Personal Care,France,2025-12-24,362.35,364.8,362.2,363.8,74028
OR.PA,L'Oréal,Home & Personal Care,France,2025-12-29,365.0,365.5,362.0,365.3,197824
OR.PA,L'Oréal,Home & Personal Care,France,2025-12-30,364.05,367.65,363.45,366.95,166120
OR.PA,L'Oréal,Home & Personal Care,France,2025-12-31,365.75,367.95,365.35,366.6,85851
OR.PA,L'Oréal,Home & Personal Care,France,2026-01-02,365.95,367.4,361.65,364.7,251333
OR.PA,L'Oréal,Home & Personal Care,France,2026-01-05,364.75,367.7,359.6,363.3,286505
OR.PA,L'Oréal,Home & Personal Care,France,2026-01-06,360.5,372.6,359.9,368.7,306314
OR.PA,L'Oréal,Home & Personal Care,France,2026-01-07,368.45,368.45,356.0,356.0,372000
OR.PA,L'Oréal,Home & Personal Care,France,2026-01-08,355.8,363.15,355.65,362.9,284359
OR.PA,L'Oréal,Home & Personal Care,France,2026-01-09,380.0,385.85,372.8,385.85,553181
OR.PA,L'Oréal,Home & Personal Care,France,2026-01-12,388.75,392.4,387.6,392.4,325849
OR.PA,L'Oréal,Home & Personal Care,France,2026-01-13,391.0,392.7,388.45,391.4,317241
OR.PA,L'Oréal,Home & Personal Care,France,2026-01-14,392.1,396.9,390.0,391.45,353521
OR.PA,L'Oréal,Home & Personal Care,France,2026-01-15,394.35,396.35,387.1,387.15,378908
OR.PA,L'Oréal,Home & Personal Care,France,2026-01-16,386.0,388.9,382.4,384.85,263542
OR.PA,L'Oréal,Home & Personal Care,France,2026-01-19,380.85,382.85,378.1,380.95,214858
OR.PA,L'Oréal,Home & Personal Care,France,2026-01-20,381.2,384.35,378.45,384.35,291266
OR.PA,L'Oréal,Home & Personal Care,France,2026-01-21,386.65,389.6,381.85,385.4,330559
OR.PA,L'Oréal,Home & Personal Care,France,2026-01-22,389.0,391.8,385.55,387.25,285046
OR.PA,L'Oréal,Home & Personal Care,France,2026-01-23,391.95,392.25,383.15,386.25,304294
OR.PA,L'Oréal,Home & Personal Care,France,2026-01-26,384.8,387.1,381.95,384.9,230547
OR.PA,L'Oréal,Home & Personal Care,France,2026-01-27,382.75,383.75,379.15,380.0,197230
OR.PA,L'Oréal,Home & Personal Care,France,2026-01-28,376.2,381.55,374.65,380.45,288676
OR.PA,L'Oréal,Home & Personal Care,France,2026-01-29,381.25,388.35,379.35,388.1,382957
OR.PA,L'Oréal,Home & Personal Care,France,2026-01-30,387.15,389.35,385.3,387.0,319202
OR.PA,L'Oréal,Home & Personal Care,France,2026-02-02,389.75,391.6,387.5,388.7,255154
OR.PA,L'Oréal,Home & Personal Care,France,2026-02-03,389.45,389.75,382.45,386.45,269975
OR.PA,L'Oréal,Home & Personal Care,France,2026-02-04,389.95,400.45,389.15,399.4,309740
OR.PA,L'Oréal,Home & Personal Care,France,2026-02-05,401.75,401.8,386.8,394.7,465105
OR.PA,L'Oréal,Home & Personal Care,France,2026-02-06,394.0,395.1,385.7,394.05,319279
OR.PA,L'Oréal,Home & Personal Care,France,2026-02-09,394.0,395.0,386.6,387.95,319083
OR.PA,L'Oréal,Home & Personal Care,France,2026-02-10,393.2,394.3,389.6,391.4,409816
OR.PA,L'Oréal,Home & Personal Care,France,2026-02-11,390.6,395.2,389.35,391.9,303825
OR.PA,L'Oréal,Home & Personal Care,France,2026-02-12,395.65,397.05,384.9,391.65,371046
OR.PA,L'Oréal,Home & Personal Care,France,2026-02-13,369.5,379.625,364.0,372.35,644004
OR.PA,L'Oréal,Home & Personal Care,France,2026-02-16,376.1,386.45,374.9,385.05,321147
OR.PA,L'Oréal,Home & Personal Care,France,2026-02-17,385.75,392.85,385.75,390.45,310860
OR.PA,L'Oréal,Home & Personal Care,France,2026-02-18,392.8,395.55,389.05,394.55,332618
OR.PA,L'Oréal,Home & Personal Care,France,2026-02-19,390.5,395.0,389.4,395.0,296657
OR.PA,L'Oréal,Home & Personal Care,France,2026-02-20,397.0,401.15,394.05,401.15,375065
OR.PA,L'Oréal,Home & Personal Care,France,2026-02-23,400.65,401.95,395.3,397.1,326106
OR.PA,L'Oréal,Home & Personal Care,France,2026-02-24,399.75,405.8,398.25,403.1,279780
OR.PA,L'Oréal,Home & Personal Care,France,2026-02-25,400.15,401.75,393.8,398.5,300451
OR.PA,L'Oréal,Home & Personal Care,France,2026-02-26,398.0,398.6,394.7,397.45,270494
OR.PA,L'Oréal,Home & Personal Care,France,2026-02-27,397.85,399.1,395.65,397.4,441152
OR.PA,L'Oréal,Home & Personal Care,France,2026-03-02,388.1,389.7,377.7,380.95,453516
OR.PA,L'Oréal,Home & Personal Care,France,2026-03-03,373.35,374.5,362.7,363.75,537296
OR.PA,L'Oréal,Home & Personal Care,France,2026-03-04,367.6,374.95,366.6,374.3,420328
OR.PA,L'Oréal,Home & Personal Care,France,2026-03-05,370.5,377.5,369.7,371.45,453863
OR.PA,L'Oréal,Home & Personal Care,France,2026-03-06,370.7,375.2,368.5,370.9,489320
OR.PA,L'Oréal,Home & Personal Care,France,2026-03-09,363.4,365.7,358.7,362.9,466724
OR.PA,L'Oréal,Home & Personal Care,France,2026-03-10,367.65,369.95,355.75,363.05,620079
OR.PA,L'Oréal,Home & Personal Care,France,2026-03-11,358.15,361.9,352.95,361.9,393747
OR.PA,L'Oréal,Home & Personal Care,France,2026-03-12,361.1,362.3,357.8,359.25,454036
OR.PA,L'Oréal,Home & Personal Care,France,2026-03-13,354.45,356.2,349.0,353.65,477894
OR.PA,L'Oréal,Home & Personal Care,France,2026-03-16,355.0,355.4,347.75,352.05,382167
HEN3.DE,Henkel,Home & Personal Care,Germany,2025-12-17,70.1,70.1,70.1,70.1,0
HEN3.DE,Henkel,Home & Personal Care,Germany,2025-12-18,70.1,70.1,70.1,70.1,0
HEN3.DE,Henkel,Home & Personal Care,Germany,2025-12-19,70.34,70.56,69.9,70.18,995422
HEN3.DE,Henkel,Home & Personal Care,Germany,2025-12-22,69.94,70.14,69.52,69.86,211747
HEN3.DE,Henkel,Home & Personal Care,Germany,2025-12-23,69.96,70.36,69.54,69.58,230467
HEN3.DE,Henkel,Home & Personal Care,Germany,2025-12-29,69.78,69.9,69.54,69.68,210159
HEN3.DE,Henkel,Home & Personal Care,Germany,2025-12-30,69.68,69.9,69.4,69.58,202151
HEN3.DE,Henkel,Home & Personal Care,Germany,2026-01-02,69.86,70.14,69.38,69.66,334580
HEN3.DE,Henkel,Home & Personal Care,Germany,2026-01-05,69.7,70.18,69.12,69.98,378846
HEN3.DE,Henkel,Home & Personal Care,Germany,2026-01-06,69.9,70.14,68.82,69.38,597041
HEN3.DE,Henkel,Home & Personal Care,Germany,2026-01-07,69.3,69.72,68.28,68.7,410792
HEN3.DE,Henkel,Home & Personal Care,Germany,2026-01-08,68.64,70.02,68.42,70.02,502254
HEN3.DE,Henkel,Home & Personal Care,Germany,2026-01-09,70.48,71.62,70.48,71.46,398378
HEN3.DE,Henkel,Home & Personal Care,Germany,2026-01-12,71.5,71.72,71.14,71.46,387057
HEN3.DE,Henkel,Home & Personal Care,Germany,2026-01-13,71.52,71.52,70.66,71.24,338154
HEN3.DE,Henkel,Home & Personal Care,Germany,2026-01-14,71.58,72.5,71.22,72.5,481182
HEN3.DE,Henkel,Home & Personal Care,Germany,2026-01-15,72.5,72.72,71.22,72.22,457855
HEN3.DE,Henkel,Home & Personal Care,Germany,2026-01-16,72.28,72.52,71.9,72.52,534758
HEN3.DE,Henkel,Home & Personal Care,Germany,2026-01-19,71.84,72.42,71.68,72.1,268450
HEN3.DE,Henkel,Home & Personal Care,Germany,2026-01-20,72.02,72.88,70.04,70.2,549201
HEN3.DE,Henkel,Home & Personal Care,Germany,2026-01-21,70.14,72.22,70.14,71.48,356130
HEN3.DE,Henkel,Home & Personal Care,Germany,2026-01-22,72.1,72.5,71.04,72.12,348829
HEN3.DE,Henkel,Home & Personal Care,Germany,2026-01-23,71.56,71.7,71.12,71.54,395739
HEN3.DE,Henkel,Home & Personal Care,Germany,2026-01-26,71.28,72.66,71.14,72.32,298326
HEN3.DE,Henkel,Home & Personal Care,Germany,2026-01-27,72.04,72.04,71.24,71.72,347927
HEN3.DE,Henkel,Home & Personal Care,Germany,2026-01-28,71.02,72.18,71.02,71.98,337043
HEN3.DE,Henkel,Home & Personal Care,Germany,2026-01-29,72.42,73.26,71.96,72.98,355022
HEN3.DE,Henkel,Home & Personal Care,Germany,2026-01-30,73.12,74.34,72.92,74.16,568401
HEN3.DE,Henkel,Home & Personal Care,Germany,2026-02-02,74.8,75.2,74.02,74.02,416635
HEN3.DE,Henkel,Home & Personal Care,Germany,2026-02-03,74.32,75.54,73.64,75.54,374953
HEN3.DE,Henkel,Home & Personal Care,Germany,2026-02-04,75.5,78.24,75.36,78.1,589198
HEN3.DE,Henkel,Home & Personal Care,Germany,2026-02-05,78.66,79.12,77.42,79.12,612570
HEN3.DE,Henkel,Home & Personal Care,Germany,2026-02-06,79.12,79.86,78.54,79.78,516187
HEN3.DE,Henkel,Home & Personal Care,Germany,2026-02-09,79.44,79.96,78.78,78.94,281105
HEN3.DE,Henkel,Home & Personal Care,Germany,2026-02-10,79.7,80.64,79.16,80.64,411973
HEN3.DE,Henkel,Home & Personal Care,Germany,2026-02-11,80.7,82.08,80.7,82.08,681828
HEN3.DE,Henkel,Home & Personal Care,Germany,2026-02-12,82.1,82.98,81.18,82.98,406016
HEN3.DE,Henkel,Home & Personal Care,Germany,2026-02-13,82.42,83.46,81.96,83.04,485187
HEN3.DE,Henkel,Home & Personal Care,Germany,2026-02-16,82.7,83.26,82.14,83.26,261112
HEN3.DE,Henkel,Home & Personal Care,Germany,2026-02-17,83.02,83.94,82.5,82.5,385788
HEN3.DE,Henkel,Home & Personal Care,Germany,2026-02-18,82.3,83.3,82.16,83.08,348405
HEN3.DE,Henkel,Home & Personal Care,Germany,2026-02-19,82.82,83.28,81.82,82.18,349627
HEN3.DE,Henkel,Home & Personal Care,Germany,2026-02-20,82.24,83.2,81.76,82.66,302301
HEN3.DE,Henkel,Home & Personal Care,Germany,2026-02-23,82.76,83.58,82.64,83.58,334786
HEN3.DE,Henkel,Home & Personal Care,Germany,2026-02-24,84.02,84.2,83.46,83.98,337665
HEN3.DE,Henkel,Home & Personal Care,Germany,2026-02-25,83.92,84.04,82.5,83.28,376937
HEN3.DE,Henkel,Home & Personal Care,Germany,2026-02-26,83.28,83.28,82.16,83.06,321326
HEN3.DE,Henkel,Home & Personal Care,Germany,2026-02-27,82.9,83.6,82.66,83.18,574266
HEN3.DE,Henkel,Home & Personal Care,Germany,2026-03-02,81.28,81.78,79.68,80.82,522619
HEN3.DE,Henkel,Home & Personal Care,Germany,2026-03-03,79.12,79.58,76.9,77.22,781616
HEN3.DE,Henkel,Home & Personal Care,Germany,2026-03-04,77.84,78.8,77.12,77.22,434130
HEN3.DE,Henkel,Home & Personal Care,Germany,2026-03-05,77.12,77.9,75.16,75.7,628129
HEN3.DE,Henkel,Home & Personal Care,Germany,2026-03-06,75.38,75.96,73.62,74.64,570932
HEN3.DE,Henkel,Home & Personal Care,Germany,2026-03-09,74.9,74.9,72.48,72.88,563595
HEN3.DE,Henkel,Home & Personal Care,Germany,2026-03-10,74.26,74.34,72.44,73.08,556796
HEN3.DE,Henkel,Home & Personal Care,Germany,2026-03-11,70.6,71.04,69.24,70.54,985475
HEN3.DE,Henkel,Home & Personal Care,Germany,2026-03-12,70.5,71.42,69.78,71.1,631978
HEN3.DE,Henkel,Home & Personal Care,Germany,2026-03-13,70.22,70.54,68.94,70.08,516320
HEN3.DE,Henkel,Home & Personal Care,Germany,2026-03-16,68.9,70.36,68.5,69.72,418130
BEI.DE,Beiersdorf,Home & Personal Care,Germany,2025-12-17,93.46,93.46,93.46,93.46,0
BEI.DE,Beiersdorf,Home & Personal Care,Germany,2025-12-18,93.46,93.46,93.46,93.46,0
BEI.DE,Beiersdorf,Home & Personal Care,Germany,2025-12-19,94.1,95.06,93.28,93.78,502833
BEI.DE,Beiersdorf,Home & Personal Care,Germany,2025-12-22,92.9,93.4,92.14,93.06,235321
BEI.DE,Beiersdorf,Home & Personal Care,Germany,2025-12-23,93.0,93.5,92.32,92.64,255247
BEI.DE,Beiersdorf,Home & Personal Care,Germany,2025-12-29,92.9,93.52,92.7,93.14,147873
BEI.DE,Beiersdorf,Home & Personal Care,Germany,2025-12-30,93.0,93.68,92.72,93.68,0
BEI.DE,Beiersdorf,Home & Personal Care,Germany,2026-01-02,96.46,96.6,92.34,92.82,342248
BEI.DE,Beiersdorf,Home & Personal Care,Germany,2026-01-05,92.64,94.54,92.48,93.84,239867
BEI.DE,Beiersdorf,Home & Personal Care,Germany,2026-01-06,93.12,96.08,92.6,95.02,286064
BEI.DE,Beiersdorf,Home & Personal Care,Germany,2026-01-07,94.6,94.6,91.04,91.82,577354
BEI.DE,Beiersdorf,Home & Personal Care,Germany,2026-01-08,91.04,92.94,91.04,92.94,228828
BEI.DE,Beiersdorf,Home & Personal Care,Germany,2026-01-09,93.76,95.06,93.7,95.0,280859
BEI.DE,Beiersdorf,Home & Personal Care,Germany,2026-01-12,96.1,97.96,95.76,97.96,555990
BEI.DE,Beiersdorf,Home & Personal Care,Germany,2026-01-13,98.0,98.98,97.58,97.58,409460
BEI.DE,Beiersdorf,Home & Personal Care,Germany,2026-01-14,97.94,98.52,96.9,98.52,319742
BEI.DE,Beiersdorf,Home & Personal Care,Germany,2026-01-15,98.96,99.02,97.7,98.12,282036
BEI.DE,Beiersdorf,Home & Personal Care,Germany,2026-01-16,97.76,98.94,97.7,98.38,306918
BEI.DE,Beiersdorf,Home & Personal Care,Germany,2026-01-19,97.9,97.92,96.6,96.6,242839
BEI.DE,Beiersdorf,Home & Personal Care,Germany,2026-01-20,96.44,97.5,96.08,97.24,369023
BEI.DE,Beiersdorf,Home & Personal Care,Germany,2026-01-21,98.12,98.7,97.52,98.6,212645
BEI.DE,Beiersdorf,Home & Personal Care,Germany,2026-01-22,99.64,99.7,97.82,98.86,305208
BEI.DE,Beiersdorf,Home & Personal Care,Germany,2026-01-23,98.44,98.76,96.54,97.18,390076
BEI.DE,Beiersdorf,Home & Personal Care,Germany,2026-01-26,97.0,98.1,96.44,97.46,206622
BEI.DE,Beiersdorf,Home & Personal Care,Germany,2026-01-27,97.14,97.42,95.54,96.74,360937
BEI.DE,Beiersdorf,Home & Personal Care,Germany,2026-01-28,96.14,97.56,95.3,97.56,356677
BEI.DE,Beiersdorf,Home & Personal Care,Germany,2026-01-29,97.44,99.02,97.06,99.02,459037
BEI.DE,Beiersdorf,Home & Personal Care,Germany,2026-01-30,99.22,100.45,99.0,100.45,392421
BEI.DE,Beiersdorf,Home & Personal Care,Germany,2026-02-02,102.3,102.3,98.5,98.5,307595
BEI.DE,Beiersdorf,Home & Personal Care,Germany,2026-02-03,98.76,99.46,97.68,99.38,228280
BEI.DE,Beiersdorf,Home & Personal Care,Germany,2026-02-04,99.9,104.0,99.56,103.95,576054
BEI.DE,Beiersdorf,Home & Personal Care,Germany,2026-02-05,105.25,105.3,102.5,104.65,404260
BEI.DE,Beiersdorf,Home & Personal Care,Germany,2026-02-06,102.5,104.4,102.2,103.3,333076
BEI.DE,Beiersdorf,Home & Personal Care,Germany,2026-02-09,102.85,103.4,102.4,102.6,183000
BEI.DE,Beiersdorf,Home & Personal Care,Germany,2026-02-10,103.15,104.75,102.7,104.75,247394
BEI.DE,Beiersdorf,Home & Personal Care,Germany,2026-02-11,104.7,104.9,103.45,103.8,235363
BEI.DE,Beiersdorf,Home & Personal Care,Germany,2026-02-12,104.4,105.25,103.35,105.15,276544
BEI.DE,Beiersdorf,Home & Personal Care,Germany,2026-02-13,103.5,107.25,103.3,106.5,504657
BEI.DE,Beiersdorf,Home & Personal Care,Germany,2026-02-16,106.65,107.3,105.35,105.5,308481
BEI.DE,Beiersdorf,Home & Personal Care,Germany,2026-02-17,105.2,107.7,105.2,106.0,259642
BEI.DE,Beiersdorf,Home & Personal Care,Germany,2026-02-18,105.7,106.7,105.45,106.3,192718
BEI.DE,Beiersdorf,Home & Personal Care,Germany,2026-02-19,105.95,106.95,105.55,106.55,201870
BEI.DE,Beiersdorf,Home & Personal Care,Germany,2026-02-20,105.6,106.7,105.15,106.5,306463
BEI.DE,Beiersdorf,Home & Personal Care,Germany,2026-02-23,106.5,108.55,106.25,107.8,223557
BEI.DE,Beiersdorf,Home & Personal Care,Germany,2026-02-24,108.15,110.15,108.1,109.7,366617
BEI.DE,Beiersdorf,Home & Personal Care,Germany,2026-02-25,105.05,108.2,103.6,105.65,548452
BEI.DE,Beiersdorf,Home & Personal Care,Germany,2026-02-26,105.3,106.95,105.05,105.85,243233
BEI.DE,Beiersdorf,Home & Personal Care,Germany,2026-02-27,105.35,107.65,105.35,107.65,321539
BEI.DE,Beiersdorf,Home & Personal Care,Germany,2026-03-02,105.4,105.85,103.55,104.75,411396
BEI.DE,Beiersdorf,Home & Personal Care,Germany,2026-03-03,94.8,94.8,83.44,83.66,2669596
BEI.DE,Beiersdorf,Home & Personal Care,Germany,2026-03-04,84.3,85.08,82.92,83.72,917950
BEI.DE,Beiersdorf,Home & Personal Care,Germany,2026-03-05,83.38,84.2,81.82,82.54,683844
BEI.DE,Beiersdorf,Home & Personal Care,Germany,2026-03-06,82.0,85.0,81.88,84.1,725005
BEI.DE,Beiersdorf,Home & Personal Care,Germany,2026-03-09,84.08,84.1,80.98,80.98,464047
BEI.DE,Beiersdorf,Home & Personal Care,Germany,2026-03-10,80.22,81.4,80.08,80.54,546684
BEI.DE,Beiersdorf,Home & Personal Care,Germany,2026-03-11,80.02,80.84,78.92,79.08,571463
BEI.DE,Beiersdorf,Home & Personal Care,Germany,2026-03-12,78.34,79.68,77.84,78.82,446230
BEI.DE,Beiersdorf,Home & Personal Care,Germany,2026-03-13,77.66,78.94,77.64,78.44,286573
BEI.DE,Beiersdorf,Home & Personal Care,Germany,2026-03-16,77.64,77.96,76.14,76.4,577614
NOVN.SW,Novartis,Pharmaceuticals,Switzerland,2025-12-17,104.3062,104.9855,103.6269,104.772,2862834
NOVN.SW,Novartis,Pharmaceuticals,Switzerland,2025-12-18,104.4227,104.7914,104.0733,104.5585,2331754
NOVN.SW,Novartis,Pharmaceuticals,Switzerland,2025-12-19,105.1214,105.3737,103.9762,105.3155,8192305
NOVN.SW,Novartis,Pharmaceuticals,Switzerland,2025-12-22,104.9467,105.5096,104.6362,105.5096,2664225
NOVN.SW,Novartis,Pharmaceuticals,Switzerland,2025-12-23,105.7813,107.6058,105.5678,106.8488,3169278
NOVN.SW,Novartis,Pharmaceuticals,Switzerland,2025-12-29,106.4218,106.9653,106.3442,106.6547,2433155
NOVN.SW,Novartis,Pharmaceuticals,Switzerland,2025-12-30,106.5965,106.7906,106.2083,106.3636,2190788
NOVN.SW,Novartis,Pharmaceuticals,Switzerland,2026-01-05,106.5771,106.5771,104.5003,105.2961,3223316
NOVN.SW,Novartis,Pharmaceuticals,Switzerland,2026-01-06,105.7813,108.6345,105.7813,108.2269,3092873
NOVN.SW,Novartis,Pharmaceuticals,Switzerland,2026-01-07,108.7704,110.789,108.6927,110.2455,4429291
NOVN.SW,Novartis,Pharmaceuticals,Switzerland,2026-01-08,110.789,111.2548,110.2067,110.4008,2548106
NOVN.SW,Novartis,Pharmaceuticals,Switzerland,2026-01-09,110.4008,111.1577,109.7797,110.6725,2164231
NOVN.SW,Novartis,Pharmaceuticals,Switzerland,2026-01-12,109.275,110.7307,109.1586,110.4784,2047763
NOVN.SW,Novartis,Pharmaceuticals,Switzerland,2026-01-13,110.3037,110.7113,109.2362,110.2843,2229439
NOVN.SW,Novartis,Pharmaceuticals,Switzerland,2026-01-14,110.459,112.6328,110.129,112.6328,3785333
NOVN.SW,Novartis,Pharmaceuticals,Switzerland,2026-01-15,112.7687,113.3316,111.0219,111.0995,2635297
NOVN.SW,Novartis,Pharmaceuticals,Switzerland,2026-01-16,111.74,112.8464,111.1383,112.1864,4712731
NOVN.SW,Novartis,Pharmaceuticals,Switzerland,2026-01-19,112.07,112.7299,111.7788,112.1476,2529804
NOVN.SW,Novartis,Pharmaceuticals,Switzerland,2026-01-20,111.1383,111.4489,109.7214,110.886,2621160
NOVN.SW,Novartis,Pharmaceuticals,Switzerland,2026-01-21,111.0025,111.313,110.3425,110.9636,3063141
NOVN.SW,Novartis,Pharmaceuticals,Switzerland,2026-01-22,110.6337,112.0894,110.5949,111.7012,2504082
NOVN.SW,Novartis,Pharmaceuticals,Switzerland,2026-01-23,111.6041,112.6134,111.313,112.2253,2664608
NOVN.SW,Novartis,Pharmaceuticals,Switzerland,2026-01-26,112.0117,112.5358,111.643,112.4582,3086925
NOVN.SW,Novartis,Pharmaceuticals,Switzerland,2026-01-27,111.9923,113.681,111.9923,113.0793,3348703
NOVN.SW,Novartis,Pharmaceuticals,Switzerland,2026-01-28,112.2252,112.3417,110.4008,110.8278,2923344
NOVN.SW,Novartis,Pharmaceuticals,Switzerland,2026-01-29,109.5079,111.3324,109.4109,110.9054,2786707
NOVN.SW,Novartis,Pharmaceuticals,Switzerland,2026-01-30,110.6531,111.8953,110.4396,111.2354,3178365
NOVN.SW,Novartis,Pharmaceuticals,Switzerland,2026-02-02,111.3712,113.778,111.3324,113.778,3044485
NOVN.SW,Novartis,Pharmaceuticals,Switzerland,2026-02-03,113.7974,114.4379,112.8658,113.4286,3394364
NOVN.SW,Novartis,Pharmaceuticals,Switzerland,2026-02-04,111.2936,116.5341,109.9155,115.1949,5794934
NOVN.SW,Novartis,Pharmaceuticals,Switzerland,2026-02-05,114.2438,116.3595,113.7004,115.7578,4559000
NOVN.SW,Novartis,Pharmaceuticals,Switzerland,2026-02-06,115.486,117.0776,114.4962,116.4177,3274731
NOVN.SW,Novartis,Pharmaceuticals,Switzerland,2026-02-09,116.9806,117.8152,116.2042,116.6506,3339717
NOVN.SW,Novartis,Pharmaceuticals,Switzerland,2026-02-10,116.6894,117.6987,116.2624,117.427,3106255
NOVN.SW,Novartis,Pharmaceuticals,Switzerland,2026-02-11,117.4658,119.562,117.3493,119.465,4177152
NOVN.SW,Novartis,Pharmaceuticals,Switzerland,2026-02-12,119.3291,120.5131,118.3198,120.1443,3348098
NOVN.SW,Novartis,Pharmaceuticals,Switzerland,2026-02-13,120.9013,121.7164,119.9502,121.4447,4755788
NOVN.SW,Novartis,Pharmaceuticals,Switzerland,2026-02-16,121.2506,122.7257,120.8818,122.7257,2832774
NOVN.SW,Novartis,Pharmaceuticals,Switzerland,2026-02-17,123.211,125.3266,123.0751,124.5891,3089219
NOVN.SW,Novartis,Pharmaceuticals,Switzerland,2026-02-18,124.8026,125.7148,123.6186,123.6186,3492009
NOVN.SW,Novartis,Pharmaceuticals,Switzerland,2026-02-19,124.2591,124.2979,122.4346,122.7452,2517608
NOVN.SW,Novartis,Pharmaceuticals,Switzerland,2026-02-20,123.2692,123.4827,121.6194,122.7257,4374760
NOVN.SW,Novartis,Pharmaceuticals,Switzerland,2026-02-23,122.3375,124.2009,122.2793,124.2009,2729127
NOVN.SW,Novartis,Pharmaceuticals,Switzerland,2026-02-24,123.7739,125.773,123.2304,125.773,3670447
NOVN.SW,Novartis,Pharmaceuticals,Switzerland,2026-02-25,124.8414,126.0059,124.7249,125.9671,4010174
NOVN.SW,Novartis,Pharmaceuticals,Switzerland,2026-02-26,125.249,126.2971,123.4827,124.3173,3826468
NOVN.SW,Novartis,Pharmaceuticals,Switzerland,2026-02-27,124.8608,127.1317,124.6861,126.6464,5863388
NOVN.SW,Novartis,Pharmaceuticals,Switzerland,2026-03-02,125.1907,126.5494,124.7443,126.1224,3729126
NOVN.SW,Novartis,Pharmaceuticals,Switzerland,2026-03-03,125.2878,125.2878,122.3376,122.6675,4007072
NOVN.SW,Novartis,Pharmaceuticals,Switzerland,2026-03-04,123.2692,124.7055,122.8228,123.9097,3479655
NOVN.SW,Novartis,Pharmaceuticals,Switzerland,2026-03-05,123.9679,123.9874,120.6878,121.1342,3521352
NOVN.SW,Novartis,Pharmaceuticals,Switzerland,2026-03-06,121.3283,121.3865,118.1839,119.6202,3444152
NOVN.SW,Novartis,Pharmaceuticals,Switzerland,2026-03-09,117.951,121.6,117.7375,121.6,3987692
NOVN.SW,Novartis,Pharmaceuticals,Switzerland,2026-03-10,123.62,123.76,121.22,122.0,4058766
NOVN.SW,Novartis,Pharmaceuticals,Switzerland,2026-03-11,121.46,122.0,120.44,121.24,3150658
NOVN.SW,Novartis,Pharmaceuticals,Switzerland,2026-03-12,120.94,121.52,120.36,120.84,2682421
NOVN.SW,Novartis,Pharmaceuticals,Switzerland,2026-03-13,120.94,122.6,120.22,121.36,2099520
NOVN.SW,Novartis,Pharmaceuticals,Switzerland,2026-03-16,121.2,122.26,120.46,121.44,2315043
ROG.SW,Roche,Pharmaceuticals,Switzerland,2025-12-17,309.2356,309.4296,305.3544,307.6831,1154497
ROG.SW,Roche,Pharmaceuticals,Switzerland,2025-12-18,306.8099,310.0118,305.5484,310.0118,987894
ROG.SW,Roche,Pharmaceuticals,Switzerland,2025-12-19,312.8257,317.5802,309.9148,315.8336,2989393
ROG.SW,Roche,Pharmaceuticals,Switzerland,2025-12-22,314.0871,315.5426,311.8554,315.4455,744217
ROG.SW,Roche,Pharmaceuticals,Switzerland,2025-12-23,316.0277,321.3644,315.8336,319.8119,861766
ROG.SW,Roche,Pharmaceuticals,Switzerland,2025-12-29,320.2,321.1703,317.8713,317.9683,715781
ROG.SW,Roche,Pharmaceuticals,Switzerland,2025-12-30,318.0653,319.5208,316.998,318.4535,642523
ROG.SW,Roche,Pharmaceuticals,Switzerland,2026-01-05,318.2594,318.4535,313.602,315.8336,979013
ROG.SW,Roche,Pharmaceuticals,Switzerland,2026-01-06,316.5129,322.4317,313.9901,320.103,973334
ROG.SW,Roche,Pharmaceuticals,Switzerland,2026-01-07,321.8495,328.1565,320.8792,328.1565,1236961
ROG.SW,Roche,Pharmaceuticals,Switzerland,2026-01-08,329.5149,332.1347,326.2159,329.3209,1563016
ROG.SW,Roche,Pharmaceuticals,Switzerland,2026-01-09,329.903,331.9407,327.9624,330.6793,1138402
ROG.SW,Roche,Pharmaceuticals,Switzerland,2026-01-12,328.6417,332.7169,327.3802,332.3288,1160189
ROG.SW,Roche,Pharmaceuticals,Switzerland,2026-01-13,331.5526,332.3288,327.3802,330.7763,744210
ROG.SW,Roche,Pharmaceuticals,Switzerland,2026-01-14,330.0001,335.7249,328.9327,333.8813,1303682
ROG.SW,Roche,Pharmaceuticals,Switzerland,2026-01-15,333.7842,337.9565,332.7169,335.4338,1041926
ROG.SW,Roche,Pharmaceuticals,Switzerland,2026-01-16,337.6655,339.315,335.5308,338.5387,1541691
ROG.SW,Roche,Pharmaceuticals,Switzerland,2026-01-19,336.3071,339.218,335.2397,336.5011,932204
ROG.SW,Roche,Pharmaceuticals,Switzerland,2026-01-20,334.4635,335.7249,330.9704,335.7249,698881
ROG.SW,Roche,Pharmaceuticals,Switzerland,2026-01-21,333.8813,335.7249,331.8436,334.4635,1034623
ROG.SW,Roche,Pharmaceuticals,Switzerland,2026-01-22,334.5605,338.3447,334.2694,337.5684,876097
ROG.SW,Roche,Pharmaceuticals,Switzerland,2026-01-23,338.5387,339.1209,334.6575,337.7625,820770
ROG.SW,Roche,Pharmaceuticals,Switzerland,2026-01-26,336.0159,340.0912,334.3664,340.0912,752147
ROG.SW,Roche,Pharmaceuticals,Switzerland,2026-01-27,341.5467,344.5546,337.7625,339.6061,1275324
ROG.SW,Roche,Pharmaceuticals,Switzerland,2026-01-28,332.1347,333.7842,325.8278,328.2535,1489237
ROG.SW,Roche,Pharmaceuticals,Switzerland,2026-01-29,326.3129,338.6358,321.3644,336.6952,1858665
ROG.SW,Roche,Pharmaceuticals,Switzerland,2026-01-30,336.6952,341.7408,335.0456,340.2853,1622019
ROG.SW,Roche,Pharmaceuticals,Switzerland,2026-02-02,337.6655,343.9724,336.7922,343.9724,983561
ROG.SW,Roche,Pharmaceuticals,Switzerland,2026-02-03,344.4576,346.2041,341.4496,342.0318,790397
ROG.SW,Roche,Pharmaceuticals,Switzerland,2026-02-04,342.0318,351.5408,339.8972,349.8913,1209302
ROG.SW,Roche,Pharmaceuticals,Switzerland,2026-02-05,344.5546,348.5329,343.3903,348.0477,1164640
ROG.SW,Roche,Pharmaceuticals,Switzerland,2026-02-06,344.7487,346.5923,342.0318,345.816,784298
ROG.SW,Roche,Pharmaceuticals,Switzerland,2026-02-09,341.5467,346.4952,338.8298,343.2932,879073
ROG.SW,Roche,Pharmaceuticals,Switzerland,2026-02-10,345.4279,345.4279,338.9268,340.6734,786654
ROG.SW,Roche,Pharmaceuticals,Switzerland,2026-02-11,340.3823,346.2041,337.4714,346.2041,955777
ROG.SW,Roche,Pharmaceuticals,Switzerland,2026-02-12,347.4655,349.7943,346.0101,349.018,843165
ROG.SW,Roche,Pharmaceuticals,Switzerland,2026-02-13,350.1824,351.0556,346.8834,349.3091,1173038
ROG.SW,Roche,Pharmaceuticals,Switzerland,2026-02-16,349.3091,350.6675,347.3685,350.6675,962237
ROG.SW,Roche,Pharmaceuticals,Switzerland,2026-02-17,351.2497,358.3329,351.1527,358.2359,688810
ROG.SW,Roche,Pharmaceuticals,Switzerland,2026-02-18,359.0121,360.5646,356.9745,358.3329,654364
ROG.SW,Roche,Pharmaceuticals,Switzerland,2026-02-19,359.3032,361.3408,352.8992,357.2656,801188
ROG.SW,Roche,Pharmaceuticals,Switzerland,2026-02-20,358.3329,358.3329,352.9962,356.8774,1229452
ROG.SW,Roche,Pharmaceuticals,Switzerland,2026-02-23,356.4893,359.4002,354.9368,359.4002,894566
ROG.SW,Roche,Pharmaceuticals,Switzerland,2026-02-24,359.0121,363.7666,357.9448,362.8933,1206467
ROG.SW,Roche,Pharmaceuticals,Switzerland,2026-02-25,362.2141,362.7963,357.5567,358.1389,1264654
ROG.SW,Roche,Pharmaceuticals,Switzerland,2026-02-26,355.519,360.0795,351.6378,352.8022,970164
ROG.SW,Roche,Pharmaceuticals,Switzerland,2026-02-27,353.5784,359.2062,353.1903,356.1012,2173171
ROG.SW,Roche,Pharmaceuticals,Switzerland,2026-03-02,354.4517,354.4517,343.7784,352.123,1390697
ROG.SW,Roche,Pharmaceuticals,Switzerland,2026-03-03,348.3388,348.5329,341.6437,344.8457,1236547
ROG.SW,Roche,Pharmaceuticals,Switzerland,2026-03-04,347.3685,353.2873,345.816,348.1447,961103
ROG.SW,Roche,Pharmaceuticals,Switzerland,2026-03-05,346.4952,347.5626,340.0912,341.0615,1087503
ROG.SW,Roche,Pharmaceuticals,Switzerland,2026-03-06,334.7546,336.21,329.2238,331.0674,1339562
ROG.SW,Roche,Pharmaceuticals,Switzerland,2026-03-09,310.497,322.5287,306.2276,322.5287,2266833
ROG.SW,Roche,Pharmaceuticals,Switzerland,2026-03-10,326.507,329.709,324.0812,325.2456,1233077
ROG.SW,Roche,Pharmaceuticals,Switzerland,2026-03-11,322.6258,323.208,317.2891,320.2,1431167
ROG.SW,Roche,Pharmaceuticals,Switzerland,2026-03-12,321.0,322.6,316.6,318.2,1731703
ROG.SW,Roche,Pharmaceuticals,Switzerland,2026-03-13,317.3,324.2,316.0,320.7,1146844
ROG.SW,Roche,Pharmaceuticals,Switzerland,2026-03-16,322.0,323.5,317.4,322.3,778976
SAN.PA,Sanofi,Pharmaceuticals,France,2025-12-17,80.5,82.12,80.32,82.12,1928662
SAN.PA,Sanofi,Pharmaceuticals,France,2025-12-18,82.42,83.12,81.6,82.1,1980683
SAN.PA,Sanofi,Pharmaceuticals,France,2025-12-19,82.09,82.53,81.41,82.38,4888969
SAN.PA,Sanofi,Pharmaceuticals,France,2025-12-22,82.12,82.48,81.52,81.58,1973662
SAN.PA,Sanofi,Pharmaceuticals,France,2025-12-23,81.6,82.86,81.33,82.22,1998123
SAN.PA,Sanofi,Pharmaceuticals,France,2025-12-24,82.16,82.41,80.98,81.61,535668
SAN.PA,Sanofi,Pharmaceuticals,France,2025-12-29,82.07,82.7,81.98,82.24,1696247
SAN.PA,Sanofi,Pharmaceuticals,France,2025-12-30,82.48,83.19,82.23,83.0,1327869
SAN.PA,Sanofi,Pharmaceuticals,France,2025-12-31,82.99,83.15,82.62,82.72,599236
SAN.PA,Sanofi,Pharmaceuticals,France,2026-01-02,82.8,83.23,81.86,82.32,1185947
SAN.PA,Sanofi,Pharmaceuticals,France,2026-01-05,82.61,82.63,80.7,81.19,1296572
SAN.PA,Sanofi,Pharmaceuticals,France,2026-01-06,81.38,83.27,81.26,82.29,2315065
SAN.PA,Sanofi,Pharmaceuticals,France,2026-01-07,82.53,82.75,81.66,82.75,1470917
SAN.PA,Sanofi,Pharmaceuticals,France,2026-01-08,83.12,83.25,82.53,82.89,1327574
SAN.PA,Sanofi,Pharmaceuticals,France,2026-01-09,82.83,84.97,82.6,84.44,1914000
SAN.PA,Sanofi,Pharmaceuticals,France,2026-01-12,84.31,84.92,81.5,82.41,1551433
SAN.PA,Sanofi,Pharmaceuticals,France,2026-01-13,82.47,82.73,80.32,80.5,1734620
SAN.PA,Sanofi,Pharmaceuticals,France,2026-01-14,80.5,82.63,80.5,82.55,1680655
SAN.PA,Sanofi,Pharmaceuticals,France,2026-01-15,82.77,82.77,81.1,81.63,1962070
SAN.PA,Sanofi,Pharmaceuticals,France,2026-01-16,81.42,81.54,80.45,80.78,1859208
SAN.PA,Sanofi,Pharmaceuticals,France,2026-01-19,80.0,80.2,78.86,78.99,1753817
SAN.PA,Sanofi,Pharmaceuticals,France,2026-01-20,78.74,79.02,77.26,78.03,2245095
SAN.PA,Sanofi,Pharmaceuticals,France,2026-01-21,78.56,78.69,77.84,78.4,2861388
SAN.PA,Sanofi,Pharmaceuticals,France,2026-01-22,78.99,79.76,78.66,79.76,2177264
SAN.PA,Sanofi,Pharmaceuticals,France,2026-01-23,78.9,80.35,78.5,79.31,1993851
SAN.PA,Sanofi,Pharmaceuticals,France,2026-01-26,79.93,80.0,79.46,79.88,1428272
SAN.PA,Sanofi,Pharmaceuticals,France,2026-01-27,79.27,80.1,79.0,79.75,1990361
SAN.PA,Sanofi,Pharmaceuticals,France,2026-01-28,78.79,78.97,77.48,77.54,2243860
SAN.PA,Sanofi,Pharmaceuticals,France,2026-01-29,78.29,78.3,76.83,77.08,2387366
SAN.PA,Sanofi,Pharmaceuticals,France,2026-01-30,76.99,79.45,76.86,79.2,3186159
SAN.PA,Sanofi,Pharmaceuticals,France,2026-02-02,79.5,81.06,79.25,80.45,1900620
SAN.PA,Sanofi,Pharmaceuticals,France,2026-02-03,80.03,81.77,80.03,81.08,2153050
SAN.PA,Sanofi,Pharmaceuticals,France,2026-02-04,80.67,82.34,80.64,81.84,2767517
SAN.PA,Sanofi,Pharmaceuticals,France,2026-02-05,81.94,82.06,80.55,81.09,2838101
SAN.PA,Sanofi,Pharmaceuticals,France,2026-02-06,80.57,80.86,80.07,80.36,2139471
SAN.PA,Sanofi,Pharmaceuticals,France,2026-02-09,80.95,81.49,79.89,80.29,1966157
SAN.PA,Sanofi,Pharmaceuticals,France,2026-02-10,80.84,82.54,80.83,82.2,2483671
SAN.PA,Sanofi,Pharmaceuticals,France,2026-02-11,81.94,82.73,81.22,82.56,2018884
SAN.PA,Sanofi,Pharmaceuticals,France,2026-02-12,82.94,82.95,77.34,79.1,5965759
SAN.PA,Sanofi,Pharmaceuticals,France,2026-02-13,78.51,79.31,77.62,77.62,3788057
SAN.PA,Sanofi,Pharmaceuticals,France,2026-02-16,78.0,78.23,77.37,77.37,1668547
SAN.PA,Sanofi,Pharmaceuticals,France,2026-02-17,77.11,78.5,77.07,78.13,1830125
SAN.PA,Sanofi,Pharmaceuticals,France,2026-02-18,78.14,78.66,77.72,77.72,2918231
SAN.PA,Sanofi,Pharmaceuticals,France,2026-02-19,78.46,79.3,78.4,79.0,2433959
SAN.PA,Sanofi,Pharmaceuticals,France,2026-02-20,80.5,80.5,79.03,79.58,2252151
SAN.PA,Sanofi,Pharmaceuticals,France,2026-02-23,79.28,80.84,79.06,80.76,2105990
SAN.PA,Sanofi,Pharmaceuticals,France,2026-02-24,80.06,81.49,80.0,80.61,1939092
SAN.PA,Sanofi,Pharmaceuticals,France,2026-02-25,80.18,81.11,80.09,80.79,1816495
SAN.PA,Sanofi,Pharmaceuticals,France,2026-02-26,80.83,81.575,80.3,80.88,1743082
SAN.PA,Sanofi,Pharmaceuticals,France,2026-02-27,81.81,82.2,81.19,82.2,3455733
SAN.PA,Sanofi,Pharmaceuticals,France,2026-03-02,81.38,82.13,80.63,81.45,2264492
SAN.PA,Sanofi,Pharmaceuticals,France,2026-03-03,80.95,81.23,79.78,79.86,2877312
SAN.PA,Sanofi,Pharmaceuticals,France,2026-03-04,80.37,80.7,79.08,79.23,2283711
SAN.PA,Sanofi,Pharmaceuticals,France,2026-03-05,79.63,79.74,77.35,77.73,2667605
SAN.PA,Sanofi,Pharmaceuticals,France,2026-03-06,77.59,77.955,76.08,76.39,2807776
SAN.PA,Sanofi,Pharmaceuticals,France,2026-03-09,75.5,76.1,74.85,75.81,2302210
SAN.PA,Sanofi,Pharmaceuticals,France,2026-03-10,76.27,77.04,76.13,76.31,2063940
SAN.PA,Sanofi,Pharmaceuticals,France,2026-03-11,75.8,76.38,75.64,76.25,1770857
SAN.PA,Sanofi,Pharmaceuticals,France,2026-03-12,75.94,76.94,75.45,76.52,2725617
SAN.PA,Sanofi,Pharmaceuticals,France,2026-03-13,75.86,76.95,75.6,76.39,1735644
SAN.PA,Sanofi,Pharmaceuticals,France,2026-03-16,76.57,76.86,76.01,76.51,1706031
NOVO-B.CO,Novo Nordisk,Pharmaceuticals,Denmark,2025-12-17,306.75,310.05,304.2,308.15,5620610
NOVO-B.CO,Novo Nordisk,Pharmaceuticals,Denmark,2025-12-18,304.25,309.15,303.5,304.3,4575335
NOVO-B.CO,Novo Nordisk,Pharmaceuticals,Denmark,2025-12-19,299.8,310.0,298.6,310.0,15388620
NOVO-B.CO,Novo Nordisk,Pharmaceuticals,Denmark,2025-12-22,308.0,311.5,302.25,303.5,4350419
NOVO-B.CO,Novo Nordisk,Pharmaceuticals,Denmark,2025-12-23,320.0,337.4,318.0,331.55,16059690
NOVO-B.CO,Novo Nordisk,Pharmaceuticals,Denmark,2025-12-29,336.6,336.6,325.55,327.75,7509958
NOVO-B.CO,Novo Nordisk,Pharmaceuticals,Denmark,2025-12-30,325.0,329.0,324.25,325.25,3830389
NOVO-B.CO,Novo Nordisk,Pharmaceuticals,Denmark,2026-01-02,329.0,332.5,327.1,330.25,4482888
NOVO-B.CO,Novo Nordisk,Pharmaceuticals,Denmark,2026-01-05,333.6,347.55,333.15,346.75,8589568
NOVO-B.CO,Novo Nordisk,Pharmaceuticals,Denmark,2026-01-06,353.9,371.0,352.2,364.05,12737149
NOVO-B.CO,Novo Nordisk,Pharmaceuticals,Denmark,2026-01-07,364.0,369.2,357.3,366.4,7585587
NOVO-B.CO,Novo Nordisk,Pharmaceuticals,Denmark,2026-01-08,362.9,370.35,361.6,370.35,6036886
NOVO-B.CO,Novo Nordisk,Pharmaceuticals,Denmark,2026-01-09,370.5,389.8,369.0,381.45,8947255
NOVO-B.CO,Novo Nordisk,Pharmaceuticals,Denmark,2026-01-12,382.0,387.45,378.35,379.1,6283198
NOVO-B.CO,Novo Nordisk,Pharmaceuticals,Denmark,2026-01-13,386.0,390.05,381.2,383.3,5491997
NOVO-B.CO,Novo Nordisk,Pharmaceuticals,Denmark,2026-01-14,380.1,384.4,375.55,378.25,5715643
NOVO-B.CO,Novo Nordisk,Pharmaceuticals,Denmark,2026-01-15,376.0,376.45,363.0,365.2,7646277
NOVO-B.CO,Novo Nordisk,Pharmaceuticals,Denmark,2026-01-16,375.0,391.3,374.05,388.9,13933646
NOVO-B.CO,Novo Nordisk,Pharmaceuticals,Denmark,2026-01-19,381.45,384.0,373.9,377.55,6695226
NOVO-B.CO,Novo Nordisk,Pharmaceuticals,Denmark,2026-01-20,377.0,389.8,375.25,389.5,7513964
NOVO-B.CO,Novo Nordisk,Pharmaceuticals,Denmark,2026-01-21,390.0,390.15,373.8,373.85,7405559
NOVO-B.CO,Novo Nordisk,Pharmaceuticals,Denmark,2026-01-22,387.45,397.3,383.3,396.7,8005945
NOVO-B.CO,Novo Nordisk,Pharmaceuticals,Denmark,2026-01-23,405.0,409.95,400.0,401.35,10032291
NOVO-B.CO,Novo Nordisk,Pharmaceuticals,Denmark,2026-01-26,397.8,402.45,393.8,397.05,6158927
NOVO-B.CO,Novo Nordisk,Pharmaceuticals,Denmark,2026-01-27,401.8,404.35,390.4,393.95,4151804
NOVO-B.CO,Novo Nordisk,Pharmaceuticals,Denmark,2026-01-28,390.0,391.2,379.45,381.45,5323070
NOVO-B.CO,Novo Nordisk,Pharmaceuticals,Denmark,2026-01-29,375.0,377.3,368.65,370.4,6038622
NOVO-B.CO,Novo Nordisk,Pharmaceuticals,Denmark,2026-01-30,366.55,377.65,366.45,369.55,6101402
NOVO-B.CO,Novo Nordisk,Pharmaceuticals,Denmark,2026-02-02,364.55,375.75,357.5,373.05,6046003
NOVO-B.CO,Novo Nordisk,Pharmaceuticals,Denmark,2026-02-03,374.0,376.55,367.05,367.8,4529958
NOVO-B.CO,Novo Nordisk,Pharmaceuticals,Denmark,2026-02-04,302.0,314.5,296.0,304.65,35788341
NOVO-B.CO,Novo Nordisk,Pharmaceuticals,Denmark,2026-02-05,302.25,303.6,272.9,280.65,23988926
NOVO-B.CO,Novo Nordisk,Pharmaceuticals,Denmark,2026-02-06,282.15,297.0,281.65,295.5,13166493
NOVO-B.CO,Novo Nordisk,Pharmaceuticals,Denmark,2026-02-09,317.05,321.95,309.35,311.0,13420575
NOVO-B.CO,Novo Nordisk,Pharmaceuticals,Denmark,2026-02-10,310.0,317.4,308.15,314.95,6647932
NOVO-B.CO,Novo Nordisk,Pharmaceuticals,Denmark,2026-02-11,309.7,312.0,302.85,306.7,6916736
NOVO-B.CO,Novo Nordisk,Pharmaceuticals,Denmark,2026-02-12,310.2,312.2,306.05,306.55,4304409
NOVO-B.CO,Novo Nordisk,Pharmaceuticals,Denmark,2026-02-13,311.95,314.85,308.5,310.6,5497847
NOVO-B.CO,Novo Nordisk,Pharmaceuticals,Denmark,2026-02-16,312.25,313.65,306.5,307.65,2763198
NOVO-B.CO,Novo Nordisk,Pharmaceuticals,Denmark,2026-02-17,307.75,311.55,307.6,309.9,3423387
NOVO-B.CO,Novo Nordisk,Pharmaceuticals,Denmark,2026-02-18,313.0,313.6,307.0,311.3,4203106
NOVO-B.CO,Novo Nordisk,Pharmaceuticals,Denmark,2026-02-19,312.1,313.15,305.85,307.4,4123478
NOVO-B.CO,Novo Nordisk,Pharmaceuticals,Denmark,2026-02-20,309.0,310.75,298.5,301.0,5683130
NOVO-B.CO,Novo Nordisk,Pharmaceuticals,Denmark,2026-02-23,300.0,300.9,251.3,251.4,35921514
NOVO-B.CO,Novo Nordisk,Pharmaceuticals,Denmark,2026-02-24,244.0,248.0,240.4,243.65,22606769
NOVO-B.CO,Novo Nordisk,Pharmaceuticals,Denmark,2026-02-25,243.5,245.55,238.0,238.4,17690906
NOVO-B.CO,Novo Nordisk,Pharmaceuticals,Denmark,2026-02-26,239.95,241.7,236.45,238.6,9810429
NOVO-B.CO,Novo Nordisk,Pharmaceuticals,Denmark,2026-02-27,238.0,239.4,236.55,237.9,12310506
NOVO-B.CO,Novo Nordisk,Pharmaceuticals,Denmark,2026-03-02,230.4,237.8,224.25,237.35,8114378
NOVO-B.CO,Novo Nordisk,Pharmaceuticals,Denmark,2026-03-03,237.8,240.3,230.85,231.5,12821883
NOVO-B.CO,Novo Nordisk,Pharmaceuticals,Denmark,2026-03-04,236.85,246.55,233.5,245.45,7209616
NOVO-B.CO,Novo Nordisk,Pharmaceuticals,Denmark,2026-03-05,248.25,251.25,244.3,248.65,6090660
NOVO-B.CO,Novo Nordisk,Pharmaceuticals,Denmark,2026-03-06,251.5,255.25,246.2,247.9,6333052
NOVO-B.CO,Novo Nordisk,Pharmaceuticals,Denmark,2026-03-09,245.4,255.85,244.35,254.5,7052509
NOVO-B.CO,Novo Nordisk,Pharmaceuticals,Denmark,2026-03-10,255.3,255.55,245.9,246.95,5377279
NOVO-B.CO,Novo Nordisk,Pharmaceuticals,Denmark,2026-03-11,248.0,251.2,246.5,249.8,4230874
NOVO-B.CO,Novo Nordisk,Pharmaceuticals,Denmark,2026-03-12,248.45,252.5,245.8,247.0,5192142
NOVO-B.CO,Novo Nordisk,Pharmaceuticals,Denmark,2026-03-13,247.0,252.0,246.45,247.05,3882226
NOVO-B.CO,Novo Nordisk,Pharmaceuticals,Denmark,2026-03-16,247.4,249.4,245.65,248.3,4020568
TSCO.L,Tesco,Retail,UK,2025-12-17,441.8,442.6,437.7,438.9,15484578
TSCO.L,Tesco,Retail,UK,2025-12-18,440.7,442.25,437.0,440.5,13150305
TSCO.L,Tesco,Retail,UK,2025-12-19,440.5,443.2,439.1,442.1,30050829
TSCO.L,Tesco,Retail,UK,2025-12-22,440.5,440.9,434.6,439.0,6905352
TSCO.L,Tesco,Retail,UK,2025-12-23,439.8,441.3,437.2,438.3,8333044
TSCO.L,Tesco,Retail,UK,2025-12-24,439.3,441.4,436.9,438.0,2284579
TSCO.L,Tesco,Retail,UK,2025-12-29,437.8,440.8,435.4,440.3,5470561
TSCO.L,Tesco,Retail,UK,2025-12-30,440.5,443.6,438.1,443.6,11248755
TSCO.L,Tesco,Retail,UK,2025-12-31,446.1,446.2,439.9,441.8,2800926
TSCO.L,Tesco,Retail,UK,2026-01-02,442.9,445.3,441.2,442.2,7804845
TSCO.L,Tesco,Retail,UK,2026-01-05,443.3,443.7,437.2,442.6,9291693
TSCO.L,Tesco,Retail,UK,2026-01-06,445.6,457.7,441.9,455.0,19016539
TSCO.L,Tesco,Retail,UK,2026-01-07,452.3,456.5,448.3,452.6,18929217
TSCO.L,Tesco,Retail,UK,2026-01-08,438.6,438.6,419.9,422.1,30595228
TSCO.L,Tesco,Retail,UK,2026-01-09,419.5,420.7,412.6,415.4,19299147
TSCO.L,Tesco,Retail,UK,2026-01-12,415.4,419.4,413.2,417.0,14237865
TSCO.L,Tesco,Retail,UK,2026-01-13,418.5,423.6,417.9,420.0,9560035
TSCO.L,Tesco,Retail,UK,2026-01-14,420.9,421.7,417.4,421.3,15005401
TSCO.L,Tesco,Retail,UK,2026-01-15,422.9,431.9,422.9,428.5,12472347
TSCO.L,Tesco,Retail,UK,2026-01-16,427.2,428.513,419.7,422.0,15301634
TSCO.L,Tesco,Retail,UK,2026-01-19,428.7,430.1,423.198,425.8,14274493
TSCO.L,Tesco,Retail,UK,2026-01-20,427.6,428.52,423.8,426.6,12767195
TSCO.L,Tesco,Retail,UK,2026-01-21,424.5,426.4,421.4,422.2,14067547
TSCO.L,Tesco,Retail,UK,2026-01-22,421.7,424.9,413.7,416.3,22724397
TSCO.L,Tesco,Retail,UK,2026-01-23,417.1,420.1,411.7,413.2,9639395
TSCO.L,Tesco,Retail,UK,2026-01-26,418.2,419.7,415.0,416.6,8054936
TSCO.L,Tesco,Retail,UK,2026-01-27,416.0,420.0,412.6,420.0,9162377
TSCO.L,Tesco,Retail,UK,2026-01-28,422.7,423.4,417.7,419.4,8107098
TSCO.L,Tesco,Retail,UK,2026-01-29,419.2,422.3,417.0,420.6,17448394
TSCO.L,Tesco,Retail,UK,2026-01-30,421.1,425.5,420.1,425.2,11272293
TSCO.L,Tesco,Retail,UK,2026-02-02,428.5,432.4,425.3,431.4,33744310
TSCO.L,Tesco,Retail,UK,2026-02-03,430.4,435.4,425.9,435.4,9973125
TSCO.L,Tesco,Retail,UK,2026-02-04,436.9,455.6,436.4,450.4,18020537
TSCO.L,Tesco,Retail,UK,2026-02-05,449.6,451.3,441.8,449.3,12051402
TSCO.L,Tesco,Retail,UK,2026-02-06,446.2,453.6,446.2,452.1,12357341
TSCO.L,Tesco,Retail,UK,2026-02-09,452.9,455.7,447.4,452.9,9898040
TSCO.L,Tesco,Retail,UK,2026-02-10,452.4,458.629,452.0,458.4,7380963
TSCO.L,Tesco,Retail,UK,2026-02-11,459.0,476.1,457.2,470.2,22022288
TSCO.L,Tesco,Retail,UK,2026-02-12,472.2,475.6,464.4,475.6,33916930
TSCO.L,Tesco,Retail,UK,2026-02-13,477.0,491.8,472.4,488.7,28328956
TSCO.L,Tesco,Retail,UK,2026-02-16,488.0,490.126,483.5,489.3,9281890
TSCO.L,Tesco,Retail,UK,2026-02-17,489.7,495.3,488.5,494.5,15067227
TSCO.L,Tesco,Retail,UK,2026-02-18,495.0,499.9,492.6,494.2,14428564
TSCO.L,Tesco,Retail,UK,2026-02-19,496.5,496.8,484.6,496.8,12616924
TSCO.L,Tesco,Retail,UK,2026-02-20,496.1,499.7,492.4,494.6,10106421
TSCO.L,Tesco,Retail,UK,2026-02-23,496.1,499.0,492.7,499.0,7793351
TSCO.L,Tesco,Retail,UK,2026-02-24,499.8,508.2,497.8,501.2,15689991
TSCO.L,Tesco,Retail,UK,2026-02-25,498.8,501.6,491.7,492.2,23999690
TSCO.L,Tesco,Retail,UK,2026-02-26,490.5,493.6,478.7,485.0,10451969
TSCO.L,Tesco,Retail,UK,2026-02-27,484.4,489.7,465.9,480.6,53411361
TSCO.L,Tesco,Retail,UK,2026-03-02,483.8,480.1,473.1,476.7,10254513
TSCO.L,Tesco,Retail,UK,2026-03-03,475.1,478.8,468.67,472.1,53724384
TSCO.L,Tesco,Retail,UK,2026-03-04,476.7,483.9,475.1,476.2,15967777
TSCO.L,Tesco,Retail,UK,2026-03-05,476.2,477.7,465.2,469.3,37792044
TSCO.L,Tesco,Retail,UK,2026-03-06,470.5,471.6,461.5,466.5,14979238
TSCO.L,Tesco,Retail,UK,2026-03-09,469.3,470.7,463.8,466.0,11411601
TSCO.L,Tesco,Retail,UK,2026-03-10,466.7,474.2,466.7,472.1,18469128
TSCO.L,Tesco,Retail,UK,2026-03-11,470.8,471.418,463.6,468.7,18038684
TSCO.L,Tesco,Retail,UK,2026-03-12,466.9,481.1,466.0,475.5,17288269
TSCO.L,Tesco,Retail,UK,2026-03-13,475.2,488.9,473.4,488.9,14093674
TSCO.L,Tesco,Retail,UK,2026-03-16,488.9,495.6,487.4,490.6,8152384
CA.PA,Carrefour,Retail,France,2025-12-17,14.305,14.395,14.19,14.35,2136208
CA.PA,Carrefour,Retail,France,2025-12-18,14.4,14.425,14.21,14.325,2549252
CA.PA,Carrefour,Retail,France,2025-12-19,14.3,14.39,14.245,14.365,9267014
CA.PA,Carrefour,Retail,France,2025-12-22,14.31,14.315,14.14,14.285,1642201
CA.PA,Carrefour,Retail,France,2025-12-23,14.32,14.33,14.12,14.12,1587854
CA.PA,Carrefour,Retail,France,2025-12-24,14.145,14.215,14.095,14.125,480929
CA.PA,Carrefour,Retail,France,2025-12-29,14.125,14.235,14.105,14.195,1126412
CA.PA,Carrefour,Retail,France,2025-12-30,14.205,14.265,14.135,14.215,688466
CA.PA,Carrefour,Retail,France,2025-12-31,14.245,14.265,14.17,14.23,358281
CA.PA,Carrefour,Retail,France,2026-01-02,14.205,14.435,14.175,14.41,1702741
CA.PA,Carrefour,Retail,France,2026-01-05,14.45,14.45,14.085,14.225,2109267
CA.PA,Carrefour,Retail,France,2026-01-06,14.255,14.43,14.04,14.125,1975261
CA.PA,Carrefour,Retail,France,2026-01-07,14.135,14.335,14.065,14.33,2272147
CA.PA,Carrefour,Retail,France,2026-01-08,14.32,14.475,14.2,14.37,2051158
CA.PA,Carrefour,Retail,France,2026-01-09,14.445,14.46,14.01,14.245,2058231
CA.PA,Carrefour,Retail,France,2026-01-12,14.28,14.325,14.2,14.24,1642293
CA.PA,Carrefour,Retail,France,2026-01-13,14.255,14.265,13.745,13.91,3570968
CA.PA,Carrefour,Retail,France,2026-01-14,13.83,13.91,13.78,13.8,2834836
CA.PA,Carrefour,Retail,France,2026-01-15,13.865,13.965,13.845,13.965,2251044
CA.PA,Carrefour,Retail,France,2026-01-16,13.965,13.97,13.73,13.79,2095024
CA.PA,Carrefour,Retail,France,2026-01-19,13.765,13.92,13.735,13.915,1451523
CA.PA,Carrefour,Retail,France,2026-01-20,13.92,13.995,13.7,13.7,2220662
CA.PA,Carrefour,Retail,France,2026-01-21,13.635,13.785,13.6,13.72,1730787
CA.PA,Carrefour,Retail,France,2026-01-22,13.85,13.905,13.75,13.825,1711613
CA.PA,Carrefour,Retail,France,2026-01-23,13.7,13.86,13.7,13.85,1341387
CA.PA,Carrefour,Retail,France,2026-01-26,13.955,14.01,13.88,13.92,1611872
CA.PA,Carrefour,Retail,France,2026-01-27,13.95,13.95,13.7,13.82,2047959
CA.PA,Carrefour,Retail,France,2026-01-28,13.8,14.005,13.79,13.92,1747720
CA.PA,Carrefour,Retail,France,2026-01-29,14.005,14.06,13.9,13.91,1808244
CA.PA,Carrefour,Retail,France,2026-01-30,13.625,13.855,13.58,13.84,2432614
CA.PA,Carrefour,Retail,France,2026-02-02,14.055,14.275,13.985,14.225,2677119
CA.PA,Carrefour,Retail,France,2026-02-03,14.29,14.405,14.205,14.31,2216551
CA.PA,Carrefour,Retail,France,2026-02-04,14.41,14.965,14.4,14.845,4003844
CA.PA,Carrefour,Retail,France,2026-02-05,14.8,14.88,14.715,14.855,2079899
CA.PA,Carrefour,Retail,France,2026-02-06,14.825,14.915,14.68,14.85,1912522
CA.PA,Carrefour,Retail,France,2026-02-09,14.955,14.99,14.77,14.87,1525658
CA.PA,Carrefour,Retail,France,2026-02-10,14.895,14.96,14.79,14.88,1789102
CA.PA,Carrefour,Retail,France,2026-02-11,14.9,15.29,14.9,15.29,3577207
CA.PA,Carrefour,Retail,France,2026-02-12,15.6,15.65,15.165,15.5,3900024
CA.PA,Carrefour,Retail,France,2026-02-13,15.435,15.725,15.4,15.68,3442437
CA.PA,Carrefour,Retail,France,2026-02-16,15.6,15.695,15.33,15.515,2950405
CA.PA,Carrefour,Retail,France,2026-02-17,15.475,15.645,15.33,15.395,2137428
CA.PA,Carrefour,Retail,France,2026-02-18,14.75,14.955,14.215,14.65,6142018
CA.PA,Carrefour,Retail,France,2026-02-19,14.69,15.3,14.685,15.165,3723092
CA.PA,Carrefour,Retail,France,2026-02-20,15.19,15.31,15.045,15.31,2696834
CA.PA,Carrefour,Retail,France,2026-02-23,15.485,15.95,15.435,15.865,4403994
CA.PA,Carrefour,Retail,France,2026-02-24,15.92,16.185,15.9,16.13,3797046
CA.PA,Carrefour,Retail,France,2026-02-25,16.1,16.145,16.005,16.145,2876818
CA.PA,Carrefour,Retail,France,2026-02-26,16.05,16.165,15.95,16.005,2191251
CA.PA,Carrefour,Retail,France,2026-02-27,15.95,16.1,15.89,16.045,4010618
CA.PA,Carrefour,Retail,France,2026-03-02,15.7,15.96,15.61,15.895,2988378
CA.PA,Carrefour,Retail,France,2026-03-03,15.82,15.86,15.28,15.28,3062603
CA.PA,Carrefour,Retail,France,2026-03-04,15.35,15.485,15.195,15.22,2730541
CA.PA,Carrefour,Retail,France,2026-03-05,15.2,15.445,15.145,15.23,3390449
CA.PA,Carrefour,Retail,France,2026-03-06,15.285,15.3,15.055,15.22,2624934
CA.PA,Carrefour,Retail,France,2026-03-09,15.1,15.15,14.915,15.14,1831773
CA.PA,Carrefour,Retail,France,2026-03-10,15.225,15.3,15.185,15.19,2172198
CA.PA,Carrefour,Retail,France,2026-03-11,15.2,15.2,15.03,15.175,1856566
CA.PA,Carrefour,Retail,France,2026-03-12,15.065,15.43,15.04,15.43,2379389
CA.PA,Carrefour,Retail,France,2026-03-13,15.445,15.63,15.265,15.5,1918969
CA.PA,Carrefour,Retail,France,2026-03-16,15.49,15.73,15.475,15.695,2263526
AD.AS,Ahold Delhaize,Retail,Netherlands,2025-12-17,34.6,34.75,34.38,34.67,2132101
AD.AS,Ahold Delhaize,Retail,Netherlands,2025-12-18,34.9,34.97,34.53,34.9,1717698
AD.AS,Ahold Delhaize,Retail,Netherlands,2025-12-19,34.96,35.0,34.65,34.8,3501784
AD.AS,Ahold Delhaize,Retail,Netherlands,2025-12-22,34.71,34.74,34.54,34.7,819336
AD.AS,Ahold Delhaize,Retail,Netherlands,2025-12-23,34.72,34.79,34.51,34.52,781846
AD.AS,Ahold Delhaize,Retail,Netherlands,2025-12-24,34.5,34.61,34.48,34.57,169944
AD.AS,Ahold Delhaize,Retail,Netherlands,2025-12-29,34.48,34.79,34.38,34.7,1372155
AD.AS,Ahold Delhaize,Retail,Netherlands,2025-12-30,34.71,35.03,34.61,34.94,1283378
AD.AS,Ahold Delhaize,Retail,Netherlands,2025-12-31,34.99,35.04,34.83,34.87,623854
AD.AS,Ahold Delhaize,Retail,Netherlands,2026-01-02,34.76,35.19,34.73,34.87,1495955
AD.AS,Ahold Delhaize,Retail,Netherlands,2026-01-05,34.95,34.95,34.22,34.35,1700754
AD.AS,Ahold Delhaize,Retail,Netherlands,2026-01-06,34.43,34.55,34.29,34.3,1485241
AD.AS,Ahold Delhaize,Retail,Netherlands,2026-01-07,34.31,34.58,33.83,34.0,2376253
AD.AS,Ahold Delhaize,Retail,Netherlands,2026-01-08,33.65,33.74,33.06,33.74,3053037
AD.AS,Ahold Delhaize,Retail,Netherlands,2026-01-09,33.85,33.86,33.6,33.6,2049353
AD.AS,Ahold Delhaize,Retail,Netherlands,2026-01-12,33.55,33.66,33.37,33.66,2341961
AD.AS,Ahold Delhaize,Retail,Netherlands,2026-01-13,33.69,33.95,33.41,33.63,2386544
AD.AS,Ahold Delhaize,Retail,Netherlands,2026-01-14,33.69,34.18,33.65,34.18,2178394
AD.AS,Ahold Delhaize,Retail,Netherlands,2026-01-15,34.17,34.37,33.99,34.15,1984910
AD.AS,Ahold Delhaize,Retail,Netherlands,2026-01-16,34.19,34.22,33.68,33.85,1777908
AD.AS,Ahold Delhaize,Retail,Netherlands,2026-01-19,33.75,33.86,33.24,33.25,1343332
AD.AS,Ahold Delhaize,Retail,Netherlands,2026-01-20,33.33,33.47,32.93,33.06,1769085
AD.AS,Ahold Delhaize,Retail,Netherlands,2026-01-21,33.05,33.17,32.76,32.82,1704345
AD.AS,Ahold Delhaize,Retail,Netherlands,2026-01-22,32.99,33.33,32.92,32.93,1759906
AD.AS,Ahold Delhaize,Retail,Netherlands,2026-01-23,32.87,33.12,32.77,32.93,1494232
AD.AS,Ahold Delhaize,Retail,Netherlands,2026-01-26,33.09,33.15,32.87,32.92,1277992
AD.AS,Ahold Delhaize,Retail,Netherlands,2026-01-27,33.0,33.06,32.13,32.4,2115122
AD.AS,Ahold Delhaize,Retail,Netherlands,2026-01-28,32.32,32.72,32.24,32.42,2589272
AD.AS,Ahold Delhaize,Retail,Netherlands,2026-01-29,32.4,33.11,32.34,32.85,2012497
AD.AS,Ahold Delhaize,Retail,Netherlands,2026-01-30,32.9,33.08,32.85,32.96,2222364
AD.AS,Ahold Delhaize,Retail,Netherlands,2026-02-02,33.33,33.6,33.24,33.44,1788831
AD.AS,Ahold Delhaize,Retail,Netherlands,2026-02-03,33.54,33.92,33.33,33.92,1804978
AD.AS,Ahold Delhaize,Retail,Netherlands,2026-02-04,33.97,34.99,33.95,34.75,2566880
AD.AS,Ahold Delhaize,Retail,Netherlands,2026-02-05,34.74,35.03,34.43,34.93,1702098
AD.AS,Ahold Delhaize,Retail,Netherlands,2026-02-06,34.85,35.19,34.71,34.96,1881817
AD.AS,Ahold Delhaize,Retail,Netherlands,2026-02-09,34.9,35.09,34.45,34.53,1611035
AD.AS,Ahold Delhaize,Retail,Netherlands,2026-02-10,34.54,34.93,34.45,34.71,1590002
AD.AS,Ahold Delhaize,Retail,Netherlands,2026-02-11,36.64,38.74,36.5,38.72,4800257
AD.AS,Ahold Delhaize,Retail,Netherlands,2026-02-12,38.95,39.5,37.92,39.5,3649884
AD.AS,Ahold Delhaize,Retail,Netherlands,2026-02-13,39.37,39.82,39.15,39.82,3058721
AD.AS,Ahold Delhaize,Retail,Netherlands,2026-02-16,39.77,39.79,39.36,39.59,1246251
AD.AS,Ahold Delhaize,Retail,Netherlands,2026-02-17,39.63,40.07,39.38,39.67,1722087
AD.AS,Ahold Delhaize,Retail,Netherlands,2026-02-18,39.65,39.83,39.4,39.69,1845119
AD.AS,Ahold Delhaize,Retail,Netherlands,2026-02-19,39.74,40.11,39.51,40.0,2564200
AD.AS,Ahold Delhaize,Retail,Netherlands,2026-02-20,40.01,40.39,39.72,40.05,2639743
AD.AS,Ahold Delhaize,Retail,Netherlands,2026-02-23,40.25,41.25,40.19,41.25,2410815
AD.AS,Ahold Delhaize,Retail,Netherlands,2026-02-24,41.25,41.72,41.17,41.33,2373394
AD.AS,Ahold Delhaize,Retail,Netherlands,2026-02-25,41.42,41.45,40.75,41.1,2115718
AD.AS,Ahold Delhaize,Retail,Netherlands,2026-02-26,41.01,41.09,40.72,40.98,1720728
AD.AS,Ahold Delhaize,Retail,Netherlands,2026-02-27,40.9,41.77,40.79,41.77,5013152
AD.AS,Ahold Delhaize,Retail,Netherlands,2026-03-02,41.69,41.69,41.06,41.32,2000470
AD.AS,Ahold Delhaize,Retail,Netherlands,2026-03-03,41.07,41.3,40.52,40.61,2386218
AD.AS,Ahold Delhaize,Retail,Netherlands,2026-03-04,41.03,41.76,40.98,41.42,2694366
AD.AS,Ahold Delhaize,Retail,Netherlands,2026-03-05,41.09,41.58,40.64,40.77,2120717
AD.AS,Ahold Delhaize,Retail,Netherlands,2026-03-06,40.88,41.0,40.49,40.87,2293961
AD.AS,Ahold Delhaize,Retail,Netherlands,2026-03-09,40.87,41.2,40.39,41.07,1672601
AD.AS,Ahold Delhaize,Retail,Netherlands,2026-03-10,40.91,41.44,40.8,41.25,1458356
AD.AS,Ahold Delhaize,Retail,Netherlands,2026-03-11,41.2,41.26,40.53,40.88,1662096
AD.AS,Ahold Delhaize,Retail,Netherlands,2026-03-12,40.77,41.63,40.77,41.63,2075391
AD.AS,Ahold Delhaize,Retail,Netherlands,2026-03-13,41.63,42.12,41.41,42.11,1865829
AD.AS,Ahold Delhaize,Retail,Netherlands,2026-03-16,42.05,42.41,42.02,42.25,1580506
JMT.LS,Jerónimo Martins,Retail,Portugal,2025-12-17,19.95,20.1,19.86,20.1,632384
JMT.LS,Jerónimo Martins,Retail,Portugal,2025-12-18,20.32,20.36,20.14,20.3,732563
JMT.LS,Jerónimo Martins,Retail,Portugal,2025-12-19,20.18,20.34,20.14,20.26,1224566
JMT.LS,Jerónimo Martins,Retail,Portugal,2025-12-22,20.2,20.28,20.06,20.24,529658
JMT.LS,Jerónimo Martins,Retail,Portugal,2025-12-23,20.28,20.3,20.08,20.08,307106
JMT.LS,Jerónimo Martins,Retail,Portugal,2025-12-24,20.18,20.18,19.98,20.08,146586
JMT.LS,Jerónimo Martins,Retail,Portugal,2025-12-29,20.02,20.22,19.98,20.22,517784
JMT.LS,Jerónimo Martins,Retail,Portugal,2025-12-30,20.12,20.3,20.1,20.28,476391
JMT.LS,Jerónimo Martins,Retail,Portugal,2025-12-31,20.32,20.32,20.24,20.26,180396
JMT.LS,Jerónimo Martins,Retail,Portugal,2026-01-02,20.38,20.44,20.24,20.4,417792
JMT.LS,Jerónimo Martins,Retail,Portugal,2026-01-05,20.4,20.76,20.26,20.76,726676
JMT.LS,Jerónimo Martins,Retail,Portugal,2026-01-06,20.8,21.36,20.68,21.12,1159480
JMT.LS,Jerónimo Martins,Retail,Portugal,2026-01-07,21.1,21.24,20.76,20.86,1258748
JMT.LS,Jerónimo Martins,Retail,Portugal,2026-01-08,20.86,21.0,20.72,20.96,663301
JMT.LS,Jerónimo Martins,Retail,Portugal,2026-01-09,20.94,21.1,20.9,21.06,657900
JMT.LS,Jerónimo Martins,Retail,Portugal,2026-01-12,21.16,21.24,21.06,21.12,743981
JMT.LS,Jerónimo Martins,Retail,Portugal,2026-01-13,21.12,21.18,20.86,20.98,890598
JMT.LS,Jerónimo Martins,Retail,Portugal,2026-01-14,21.06,21.08,19.96,20.18,2086668
JMT.LS,Jerónimo Martins,Retail,Portugal,2026-01-15,20.16,20.58,20.1,20.58,1878757
JMT.LS,Jerónimo Martins,Retail,Portugal,2026-01-16,20.6,20.66,20.36,20.58,853020
JMT.LS,Jerónimo Martins,Retail,Portugal,2026-01-19,20.56,20.64,20.34,20.36,631828
JMT.LS,Jerónimo Martins,Retail,Portugal,2026-01-20,20.38,20.48,20.2,20.34,666054
JMT.LS,Jerónimo Martins,Retail,Portugal,2026-01-21,20.36,20.46,20.22,20.4,717773
JMT.LS,Jerónimo Martins,Retail,Portugal,2026-01-22,20.6,20.76,20.58,20.62,1081919
JMT.LS,Jerónimo Martins,Retail,Portugal,2026-01-23,20.7,20.72,20.16,20.22,1015981
JMT.LS,Jerónimo Martins,Retail,Portugal,2026-01-26,20.3,20.36,20.06,20.24,710184
JMT.LS,Jerónimo Martins,Retail,Portugal,2026-01-27,20.24,20.4,20.12,20.4,912788
JMT.LS,Jerónimo Martins,Retail,Portugal,2026-01-28,20.42,20.44,20.3,20.36,569089
JMT.LS,Jerónimo Martins,Retail,Portugal,2026-01-29,20.48,20.48,20.06,20.12,1005887
JMT.LS,Jerónimo Martins,Retail,Portugal,2026-01-30,20.1,20.18,19.91,19.91,1068028
JMT.LS,Jerónimo Martins,Retail,Portugal,2026-02-02,20.16,20.22,19.98,20.14,909347
JMT.LS,Jerónimo Martins,Retail,Portugal,2026-02-03,20.2,20.22,20.06,20.12,928798
JMT.LS,Jerónimo Martins,Retail,Portugal,2026-02-04,20.16,20.84,20.14,20.78,1162837
JMT.LS,Jerónimo Martins,Retail,Portugal,2026-02-05,20.82,20.82,20.3,20.3,857560
JMT.LS,Jerónimo Martins,Retail,Portugal,2026-02-06,20.32,20.4,19.87,20.4,1070261
JMT.LS,Jerónimo Martins,Retail,Portugal,2026-02-09,20.48,20.52,20.24,20.46,650607
JMT.LS,Jerónimo Martins,Retail,Portugal,2026-02-10,20.52,20.56,20.36,20.56,633813
JMT.LS,Jerónimo Martins,Retail,Portugal,2026-02-11,20.6,20.94,20.56,20.94,1135125
JMT.LS,Jerónimo Martins,Retail,Portugal,2026-02-12,20.98,21.08,20.78,21.06,641865
JMT.LS,Jerónimo Martins,Retail,Portugal,2026-02-13,21.04,21.38,20.98,21.24,711710
JMT.LS,Jerónimo Martins,Retail,Portugal,2026-02-16,21.28,21.48,21.22,21.34,399419
JMT.LS,Jerónimo Martins,Retail,Portugal,2026-02-17,21.26,21.58,21.2,21.36,457412
JMT.LS,Jerónimo Martins,Retail,Portugal,2026-02-18,21.32,21.36,21.08,21.1,708578
JMT.LS,Jerónimo Martins,Retail,Portugal,2026-02-19,21.06,21.28,21.02,21.1,586098
JMT.LS,Jerónimo Martins,Retail,Portugal,2026-02-20,21.08,21.42,21.06,21.22,686344
JMT.LS,Jerónimo Martins,Retail,Portugal,2026-02-23,21.18,22.12,21.16,22.1,1048309
JMT.LS,Jerónimo Martins,Retail,Portugal,2026-02-24,22.12,22.42,22.06,22.08,649593
JMT.LS,Jerónimo Martins,Retail,Portugal,2026-02-25,22.18,22.18,21.78,21.92,445837
JMT.LS,Jerónimo Martins,Retail,Portugal,2026-02-26,21.84,22.08,21.8,22.08,596026
JMT.LS,Jerónimo Martins,Retail,Portugal,2026-02-27,22.1,22.28,21.92,22.26,1597486
JMT.LS,Jerónimo Martins,Retail,Portugal,2026-03-02,21.98,22.24,21.78,22.08,772223
JMT.LS,Jerónimo Martins,Retail,Portugal,2026-03-03,21.9,22.0,21.36,21.38,839076
JMT.LS,Jerónimo Martins,Retail,Portugal,2026-03-04,21.52,21.74,21.36,21.36,531808
JMT.LS,Jerónimo Martins,Retail,Portugal,2026-03-05,21.4,21.76,21.28,21.3,478850
JMT.LS,Jerónimo Martins,Retail,Portugal,2026-03-06,21.56,21.6,21.14,21.28,1058493
JMT.LS,Jerónimo Martins,Retail,Portugal,2026-03-09,21.12,21.52,21.02,21.38,659685
JMT.LS,Jerónimo Martins,Retail,Portugal,2026-03-10,21.52,21.58,21.22,21.48,803123
JMT.LS,Jerónimo Martins,Retail,Portugal,2026-03-11,21.5,21.6,21.34,21.6,661329
JMT.LS,Jerónimo Martins,Retail,Portugal,2026-03-12,21.58,22.18,21.52,22.18,769802
JMT.LS,Jerónimo Martins,Retail,Portugal,2026-03-13,22.12,22.4,21.96,22.32,720631
JMT.LS,Jerónimo Martins,Retail,Portugal,2026-03-16,22.12,22.42,21.96,22.46,700633
DHL.DE,DHL Group,Transport & Logistics,Germany,2025-12-17,46.49,46.62,46.02,46.2,1514377
DHL.DE,DHL Group,Transport & Logistics,Germany,2025-12-18,46.18,46.62,46.0,46.62,1385521
DHL.DE,DHL Group,Transport & Logistics,Germany,2025-12-19,46.92,47.12,46.59,46.68,5045216
DHL.DE,DHL Group,Transport & Logistics,Germany,2025-12-22,46.83,46.9,46.38,46.58,903769
DHL.DE,DHL Group,Transport & Logistics,Germany,2025-12-23,46.7,46.71,46.36,46.59,1049131
DHL.DE,DHL Group,Transport & Logistics,Germany,2025-12-29,46.6,46.85,46.55,46.66,1110897
DHL.DE,DHL Group,Transport & Logistics,Germany,2025-12-30,46.66,46.91,46.52,46.73,712839
DHL.DE,DHL Group,Transport & Logistics,Germany,2026-01-02,46.55,47.06,46.47,46.91,1329607
DHL.DE,DHL Group,Transport & Logistics,Germany,2026-01-05,46.99,47.37,46.57,47.33,1192066
DHL.DE,DHL Group,Transport & Logistics,Germany,2026-01-06,47.48,48.53,47.45,48.32,1667419
DHL.DE,DHL Group,Transport & Logistics,Germany,2026-01-07,48.44,48.47,48.1,48.29,1563568
DHL.DE,DHL Group,Transport & Logistics,Germany,2026-01-08,48.03,48.18,47.5,48.06,1277611
DHL.DE,DHL Group,Transport & Logistics,Germany,2026-01-09,48.36,48.37,47.92,48.08,1593421
DHL.DE,DHL Group,Transport & Logistics,Germany,2026-01-12,47.96,48.38,47.79,48.38,1405963
DHL.DE,DHL Group,Transport & Logistics,Germany,2026-01-13,48.38,48.38,47.39,47.87,1350449
DHL.DE,DHL Group,Transport & Logistics,Germany,2026-01-14,47.42,47.79,46.98,47.71,1491604
DHL.DE,DHL Group,Transport & Logistics,Germany,2026-01-15,47.65,48.25,47.12,48.22,1578770
DHL.DE,DHL Group,Transport & Logistics,Germany,2026-01-16,48.33,48.4,47.82,47.82,1519297
DHL.DE,DHL Group,Transport & Logistics,Germany,2026-01-19,47.02,47.04,46.32,46.44,1657818
DHL.DE,DHL Group,Transport & Logistics,Germany,2026-01-20,46.23,46.49,45.96,46.16,2414015
DHL.DE,DHL Group,Transport & Logistics,Germany,2026-01-21,46.34,46.35,45.74,46.0,2935125
DHL.DE,DHL Group,Transport & Logistics,Germany,2026-01-22,46.73,46.9,46.24,46.75,2340252
DHL.DE,DHL Group,Transport & Logistics,Germany,2026-01-23,46.39,46.4,45.9,46.0,1969504
DHL.DE,DHL Group,Transport & Logistics,Germany,2026-01-26,46.0,46.51,45.97,46.32,1105589
DHL.DE,DHL Group,Transport & Logistics,Germany,2026-01-27,46.4,47.03,46.06,47.03,1679284
DHL.DE,DHL Group,Transport & Logistics,Germany,2026-01-28,46.75,46.86,46.12,46.4,1392893
DHL.DE,DHL Group,Transport & Logistics,Germany,2026-01-29,47.79,47.85,46.72,46.88,1362154
DHL.DE,DHL Group,Transport & Logistics,Germany,2026-01-30,46.92,47.37,46.83,47.32,2042990
DHL.DE,DHL Group,Transport & Logistics,Germany,2026-02-02,47.38,47.68,47.17,47.57,2077905
DHL.DE,DHL Group,Transport & Logistics,Germany,2026-02-03,47.72,48.69,47.46,48.35,2475486
DHL.DE,DHL Group,Transport & Logistics,Germany,2026-02-04,48.64,49.79,48.03,49.55,4342081
DHL.DE,DHL Group,Transport & Logistics,Germany,2026-02-05,49.61,49.61,48.73,49.47,1379426
DHL.DE,DHL Group,Transport & Logistics,Germany,2026-02-06,49.63,49.79,49.31,49.7,1036490
DHL.DE,DHL Group,Transport & Logistics,Germany,2026-02-09,49.99,50.78,49.9,50.58,2174939
DHL.DE,DHL Group,Transport & Logistics,Germany,2026-02-10,50.72,51.2,50.32,51.14,2381010
DHL.DE,DHL Group,Transport & Logistics,Germany,2026-02-11,51.38,51.38,50.44,51.28,1484967
DHL.DE,DHL Group,Transport & Logistics,Germany,2026-02-12,51.5,51.72,48.58,48.78,2768706
DHL.DE,DHL Group,Transport & Logistics,Germany,2026-02-13,49.01,49.38,48.52,49.18,2400973
DHL.DE,DHL Group,Transport & Logistics,Germany,2026-02-16,49.1,49.57,48.89,48.92,955792
DHL.DE,DHL Group,Transport & Logistics,Germany,2026-02-17,48.8,49.47,48.76,49.47,1228715
DHL.DE,DHL Group,Transport & Logistics,Germany,2026-02-18,49.45,49.87,49.3,49.65,1386285
DHL.DE,DHL Group,Transport & Logistics,Germany,2026-02-19,50.0,50.06,49.22,49.92,1815962
DHL.DE,DHL Group,Transport & Logistics,Germany,2026-02-20,49.89,49.96,49.35,49.95,1983070
DHL.DE,DHL Group,Transport & Logistics,Germany,2026-02-23,50.0,50.04,49.34,49.5,1417768
DHL.DE,DHL Group,Transport & Logistics,Germany,2026-02-24,49.54,49.55,48.99,49.11,1764630
DHL.DE,DHL Group,Transport & Logistics,Germany,2026-02-25,49.35,49.48,49.14,49.44,1039109
DHL.DE,DHL Group,Transport & Logistics,Germany,2026-02-26,49.45,49.82,49.13,49.82,1197721
DHL.DE,DHL Group,Transport & Logistics,Germany,2026-02-27,49.94,50.14,49.36,50.1,4848344
DHL.DE,DHL Group,Transport & Logistics,Germany,2026-03-02,48.86,49.29,48.3,48.67,2628371
DHL.DE,DHL Group,Transport & Logistics,Germany,2026-03-03,47.9,47.95,46.34,46.75,3132870
DHL.DE,DHL Group,Transport & Logistics,Germany,2026-03-04,47.07,48.31,46.89,48.12,2271132
DHL.DE,DHL Group,Transport & Logistics,Germany,2026-03-05,47.0,47.03,45.02,45.89,4880277
DHL.DE,DHL Group,Transport & Logistics,Germany,2026-03-06,46.86,47.44,45.84,46.17,3797459
DHL.DE,DHL Group,Transport & Logistics,Germany,2026-03-09,45.34,45.87,44.99,45.51,2911973
DHL.DE,DHL Group,Transport & Logistics,Germany,2026-03-10,46.44,47.4,46.16,46.77,3387424
DHL.DE,DHL Group,Transport & Logistics,Germany,2026-03-11,46.22,46.56,45.65,46.28,1881170
DHL.DE,DHL Group,Transport & Logistics,Germany,2026-03-12,45.92,46.21,45.47,45.94,1966443
DHL.DE,DHL Group,Transport & Logistics,Germany,2026-03-13,45.2,45.68,44.81,45.05,2060391
DHL.DE,DHL Group,Transport & Logistics,Germany,2026-03-16,45.12,45.32,44.72,45.12,2843376
DSV.CO,DSV,Transport & Logistics,Denmark,2025-12-17,1575.0,1579.5,1544.0,1556.0,288532
DSV.CO,DSV,Transport & Logistics,Denmark,2025-12-18,1549.0,1577.5,1543.0,1574.0,368512
DSV.CO,DSV,Transport & Logistics,Denmark,2025-12-19,1571.0,1581.5,1560.0,1581.5,660517
DSV.CO,DSV,Transport & Logistics,Denmark,2025-12-22,1573.0,1588.0,1569.5,1575.0,159618
DSV.CO,DSV,Transport & Logistics,Denmark,2025-12-23,1580.0,1593.0,1566.0,1592.5,133759
DSV.CO,DSV,Transport & Logistics,Denmark,2025-12-29,1587.0,1616.5,1580.0,1614.0,246471
DSV.CO,DSV,Transport & Logistics,Denmark,2025-12-30,1619.5,1620.5,1597.0,1615.0,217980
DSV.CO,DSV,Transport & Logistics,Denmark,2026-01-02,1611.0,1615.0,1588.5,1600.0,147292
DSV.CO,DSV,Transport & Logistics,Denmark,2026-01-05,1606.0,1637.5,1595.0,1632.0,230906
DSV.CO,DSV,Transport & Logistics,Denmark,2026-01-06,1645.0,1671.0,1639.0,1671.0,400658
DSV.CO,DSV,Transport & Logistics,Denmark,2026-01-07,1690.0,1693.0,1666.5,1684.5,354997
DSV.CO,DSV,Transport & Logistics,Denmark,2026-01-08,1669.0,1672.5,1660.5,1668.0,267392
DSV.CO,DSV,Transport & Logistics,Denmark,2026-01-09,1657.0,1681.5,1657.0,1681.5,251230
DSV.CO,DSV,Transport & Logistics,Denmark,2026-01-12,1680.0,1699.0,1667.0,1685.0,218690
DSV.CO,DSV,Transport & Logistics,Denmark,2026-01-13,1700.0,1734.0,1696.5,1727.0,468637
DSV.CO,DSV,Transport & Logistics,Denmark,2026-01-14,1750.0,1757.0,1715.5,1745.5,592085
DSV.CO,DSV,Transport & Logistics,Denmark,2026-01-15,1745.5,1778.0,1715.5,1778.0,552605
DSV.CO,DSV,Transport & Logistics,Denmark,2026-01-16,1772.0,1793.5,1762.5,1769.5,408192
DSV.CO,DSV,Transport & Logistics,Denmark,2026-01-19,1703.0,1746.0,1702.5,1744.0,217053
DSV.CO,DSV,Transport & Logistics,Denmark,2026-01-20,1725.5,1745.0,1713.5,1745.0,237069
DSV.CO,DSV,Transport & Logistics,Denmark,2026-01-21,1720.0,1749.0,1718.0,1743.0,286902
DSV.CO,DSV,Transport & Logistics,Denmark,2026-01-22,1783.0,1791.5,1766.5,1766.5,420439
DSV.CO,DSV,Transport & Logistics,Denmark,2026-01-23,1765.5,1767.0,1733.5,1748.5,235660
DSV.CO,DSV,Transport & Logistics,Denmark,2026-01-26,1741.0,1748.0,1727.0,1745.5,187136
DSV.CO,DSV,Transport & Logistics,Denmark,2026-01-27,1752.5,1755.0,1731.5,1746.0,221613
DSV.CO,DSV,Transport & Logistics,Denmark,2026-01-28,1746.0,1751.0,1731.0,1735.0,248170
DSV.CO,DSV,Transport & Logistics,Denmark,2026-01-29,1750.5,1763.0,1744.5,1752.5,300038
DSV.CO,DSV,Transport & Logistics,Denmark,2026-01-30,1746.5,1775.5,1736.5,1769.0,321182
DSV.CO,DSV,Transport & Logistics,Denmark,2026-02-02,1755.0,1793.0,1744.0,1781.5,401675
DSV.CO,DSV,Transport & Logistics,Denmark,2026-02-03,1800.0,1806.0,1753.0,1786.5,462170
DSV.CO,DSV,Transport & Logistics,Denmark,2026-02-04,1750.0,1865.0,1706.5,1851.0,1080270
DSV.CO,DSV,Transport & Logistics,Denmark,2026-02-05,1825.5,1866.0,1799.5,1843.0,688082
DSV.CO,DSV,Transport & Logistics,Denmark,2026-02-06,1850.0,1894.5,1848.0,1876.0,725398
DSV.CO,DSV,Transport & Logistics,Denmark,2026-02-09,1900.0,1913.5,1872.5,1886.0,377653
DSV.CO,DSV,Transport & Logistics,Denmark,2026-02-10,1895.0,1895.0,1851.0,1860.5,323564
DSV.CO,DSV,Transport & Logistics,Denmark,2026-02-11,1862.5,1909.0,1856.0,1902.5,285546
DSV.CO,DSV,Transport & Logistics,Denmark,2026-02-12,1911.5,1913.5,1620.0,1702.5,1396904
DSV.CO,DSV,Transport & Logistics,Denmark,2026-02-13,1735.0,1749.5,1651.5,1690.0,1180105
DSV.CO,DSV,Transport & Logistics,Denmark,2026-02-16,1694.0,1699.0,1638.0,1638.0,513485
DSV.CO,DSV,Transport & Logistics,Denmark,2026-02-17,1635.5,1660.0,1606.0,1648.0,410423
DSV.CO,DSV,Transport & Logistics,Denmark,2026-02-18,1672.0,1706.5,1660.0,1693.5,450837
DSV.CO,DSV,Transport & Logistics,Denmark,2026-02-19,1699.5,1707.0,1658.5,1669.5,364078
DSV.CO,DSV,Transport & Logistics,Denmark,2026-02-20,1690.0,1692.5,1646.5,1680.0,432710
DSV.CO,DSV,Transport & Logistics,Denmark,2026-02-23,1684.0,1684.0,1633.5,1642.5,339610
DSV.CO,DSV,Transport & Logistics,Denmark,2026-02-24,1629.5,1632.5,1583.5,1607.0,617332
DSV.CO,DSV,Transport & Logistics,Denmark,2026-02-25,1615.0,1635.0,1605.5,1625.0,352239
DSV.CO,DSV,Transport & Logistics,Denmark,2026-02-26,1628.5,1636.0,1594.0,1634.5,330648
DSV.CO,DSV,Transport & Logistics,Denmark,2026-02-27,1620.0,1640.0,1616.0,1635.5,425602
DSV.CO,DSV,Transport & Logistics,Denmark,2026-03-02,1627.5,1674.5,1622.0,1641.0,318119
DSV.CO,DSV,Transport & Logistics,Denmark,2026-03-03,1645.0,1650.0,1570.5,1594.0,428484
DSV.CO,DSV,Transport & Logistics,Denmark,2026-03-04,1607.0,1646.5,1585.5,1634.5,411452
DSV.CO,DSV,Transport & Logistics,Denmark,2026-03-05,1660.0,1690.0,1622.0,1669.0,549247
DSV.CO,DSV,Transport & Logistics,Denmark,2026-03-06,1670.5,1682.0,1637.0,1655.0,645171
DSV.CO,DSV,Transport & Logistics,Denmark,2026-03-09,1618.0,1624.5,1581.5,1592.5,308707
DSV.CO,DSV,Transport & Logistics,Denmark,2026-03-10,1628.5,1673.5,1621.5,1646.0,285548
DSV.CO,DSV,Transport & Logistics,Denmark,2026-03-11,1629.0,1641.0,1597.5,1622.5,283545
DSV.CO,DSV,Transport & Logistics,Denmark,2026-03-12,1627.0,1640.0,1597.0,1603.5,302300
DSV.CO,DSV,Transport & Logistics,Denmark,2026-03-13,1580.0,1611.5,1557.5,1590.5,270478
DSV.CO,DSV,Transport & Logistics,Denmark,2026-03-16,1586.5,1633.0,1581.5,1629.0,380705
MAERSK-B.CO,Maersk,Transport & Logistics,Denmark,2025-12-17,14465.0,14515.0,14325.0,14410.0,12851
MAERSK-B.CO,Maersk,Transport & Logistics,Denmark,2025-12-18,14340.0,14590.0,14300.0,14465.0,11600
MAERSK-B.CO,Maersk,Transport & Logistics,Denmark,2025-12-19,14345.0,14450.0,14210.0,14435.0,31512
MAERSK-B.CO,Maersk,Transport & Logistics,Denmark,2025-12-22,14395.0,14650.0,14395.0,14485.0,12727
MAERSK-B.CO,Maersk,Transport & Logistics,Denmark,2025-12-23,14600.0,14610.0,14315.0,14575.0,11773
MAERSK-B.CO,Maersk,Transport & Logistics,Denmark,2025-12-29,14575.0,14700.0,14550.0,14605.0,9122
MAERSK-B.CO,Maersk,Transport & Logistics,Denmark,2025-12-30,14605.0,14695.0,14500.0,14640.0,10187
MAERSK-B.CO,Maersk,Transport & Logistics,Denmark,2026-01-02,14605.0,14770.0,14405.0,14690.0,11592
MAERSK-B.CO,Maersk,Transport & Logistics,Denmark,2026-01-05,14760.0,15165.0,14750.0,15105.0,17166
MAERSK-B.CO,Maersk,Transport & Logistics,Denmark,2026-01-06,15200.0,15630.0,15030.0,15630.0,21441
MAERSK-B.CO,Maersk,Transport & Logistics,Denmark,2026-01-07,15465.0,15725.0,15325.0,15630.0,24233
MAERSK-B.CO,Maersk,Transport & Logistics,Denmark,2026-01-08,15535.0,15535.0,15100.0,15105.0,18004
MAERSK-B.CO,Maersk,Transport & Logistics,Denmark,2026-01-09,15070.0,15315.0,15070.0,15105.0,14193
MAERSK-B.CO,Maersk,Transport & Logistics,Denmark,2026-01-12,15085.0,16265.0,15000.0,16265.0,27272
MAERSK-B.CO,Maersk,Transport & Logistics,Denmark,2026-01-13,16200.0,16375.0,15660.0,15725.0,19711
MAERSK-B.CO,Maersk,Transport & Logistics,Denmark,2026-01-14,15220.0,15795.0,15220.0,15795.0,16464
MAERSK-B.CO,Maersk,Transport & Logistics,Denmark,2026-01-15,15760.0,15760.0,14465.0,14955.0,37107
MAERSK-B.CO,Maersk,Transport & Logistics,Denmark,2026-01-16,14735.0,14955.0,14690.0,14895.0,16322
MAERSK-B.CO,Maersk,Transport & Logistics,Denmark,2026-01-19,14450.0,14800.0,14380.0,14695.0,13450
MAERSK-B.CO,Maersk,Transport & Logistics,Denmark,2026-01-20,14690.0,15380.0,14650.0,14860.0,17614
MAERSK-B.CO,Maersk,Transport & Logistics,Denmark,2026-01-21,14715.0,14880.0,14655.0,14845.0,10900
MAERSK-B.CO,Maersk,Transport & Logistics,Denmark,2026-01-22,15030.0,15170.0,14710.0,14865.0,15497
MAERSK-B.CO,Maersk,Transport & Logistics,Denmark,2026-01-23,14565.0,14575.0,14280.0,14410.0,20570
MAERSK-B.CO,Maersk,Transport & Logistics,Denmark,2026-01-26,14360.0,14935.0,14310.0,14805.0,15268
MAERSK-B.CO,Maersk,Transport & Logistics,Denmark,2026-01-27,14800.0,15265.0,14795.0,15135.0,13958
MAERSK-B.CO,Maersk,Transport & Logistics,Denmark,2026-01-28,15260.0,15405.0,15010.0,15275.0,17277
MAERSK-B.CO,Maersk,Transport & Logistics,Denmark,2026-01-29,15420.0,15730.0,15345.0,15640.0,19550
MAERSK-B.CO,Maersk,Transport & Logistics,Denmark,2026-01-30,15440.0,15630.0,15180.0,15630.0,27055
MAERSK-B.CO,Maersk,Transport & Logistics,Denmark,2026-02-02,15320.0,15875.0,15250.0,15875.0,21279
MAERSK-B.CO,Maersk,Transport & Logistics,Denmark,2026-02-03,15875.0,16060.0,15250.0,15565.0,21574
MAERSK-B.CO,Maersk,Transport & Logistics,Denmark,2026-02-04,15590.0,16095.0,15335.0,15980.0,22490
MAERSK-B.CO,Maersk,Transport & Logistics,Denmark,2026-02-05,15000.0,15470.0,14665.0,15385.0,41279
MAERSK-B.CO,Maersk,Transport & Logistics,Denmark,2026-02-06,15110.0,15835.0,14950.0,15290.0,17573
MAERSK-B.CO,Maersk,Transport & Logistics,Denmark,2026-02-09,15135.0,15300.0,14860.0,15210.0,17967
MAERSK-B.CO,Maersk,Transport & Logistics,Denmark,2026-02-10,15210.0,15495.0,15145.0,15220.0,13266
MAERSK-B.CO,Maersk,Transport & Logistics,Denmark,2026-02-11,15240.0,15285.0,14880.0,15205.0,13993
MAERSK-B.CO,Maersk,Transport & Logistics,Denmark,2026-02-12,15245.0,15280.0,14470.0,14705.0,27974
MAERSK-B.CO,Maersk,Transport & Logistics,Denmark,2026-02-13,14995.0,15445.0,14835.0,15330.0,21923
MAERSK-B.CO,Maersk,Transport & Logistics,Denmark,2026-02-16,15330.0,15400.0,14870.0,15125.0,17993
MAERSK-B.CO,Maersk,Transport & Logistics,Denmark,2026-02-17,15100.0,15510.0,14780.0,15360.0,20137
MAERSK-B.CO,Maersk,Transport & Logistics,Denmark,2026-02-18,15500.0,15855.0,15355.0,15590.0,17695
MAERSK-B.CO,Maersk,Transport & Logistics,Denmark,2026-02-19,15615.0,15875.0,15615.0,15800.0,17339
MAERSK-B.CO,Maersk,Transport & Logistics,Denmark,2026-02-20,15785.0,16115.0,15610.0,16015.0,23211
MAERSK-B.CO,Maersk,Transport & Logistics,Denmark,2026-02-23,15930.0,16060.0,15330.0,15405.0,16703
MAERSK-B.CO,Maersk,Transport & Logistics,Denmark,2026-02-24,15385.0,15715.0,15250.0,15620.0,17817
MAERSK-B.CO,Maersk,Transport & Logistics,Denmark,2026-02-25,15570.0,15685.0,15170.0,15335.0,13755
MAERSK-B.CO,Maersk,Transport & Logistics,Denmark,2026-02-26,15335.0,15475.0,15170.0,15320.0,15693
MAERSK-B.CO,Maersk,Transport & Logistics,Denmark,2026-02-27,15260.0,15960.0,15190.0,15675.0,34963
MAERSK-B.CO,Maersk,Transport & Logistics,Denmark,2026-03-02,16400.0,17000.0,16175.0,16910.0,44689
MAERSK-B.CO,Maersk,Transport & Logistics,Denmark,2026-03-03,17265.0,17420.0,16750.0,17360.0,42527
MAERSK-B.CO,Maersk,Transport & Logistics,Denmark,2026-03-04,17140.0,17140.0,16220.0,17020.0,24856
MAERSK-B.CO,Maersk,Transport & Logistics,Denmark,2026-03-05,16985.0,16985.0,16560.0,16940.0,19322
MAERSK-B.CO,Maersk,Transport & Logistics,Denmark,2026-03-06,17000.0,17250.0,16685.0,17095.0,27439
MAERSK-B.CO,Maersk,Transport & Logistics,Denmark,2026-03-09,17195.0,17195.0,16320.0,16570.0,22784
MAERSK-B.CO,Maersk,Transport & Logistics,Denmark,2026-03-10,16385.0,16535.0,15945.0,16340.0,16907
MAERSK-B.CO,Maersk,Transport & Logistics,Denmark,2026-03-11,16330.0,16485.0,16140.0,16385.0,13518
MAERSK-B.CO,Maersk,Transport & Logistics,Denmark,2026-03-12,16370.0,16495.0,16065.0,16230.0,12377
MAERSK-B.CO,Maersk,Transport & Logistics,Denmark,2026-03-13,16180.0,16990.0,16010.0,16820.0,19616
MAERSK-B.CO,Maersk,Transport & Logistics,Denmark,2026-03-16,16720.0,17365.0,16455.0,17365.0,20638
KNIN.SW,Kuehne+Nagel,Transport & Logistics,Switzerland,2025-12-17,176.35,177.25,173.45,173.45,317573
KNIN.SW,Kuehne+Nagel,Transport & Logistics,Switzerland,2025-12-18,173.4,174.0,172.7,173.65,177967
KNIN.SW,Kuehne+Nagel,Transport & Logistics,Switzerland,2025-12-19,174.0,174.05,172.2,173.45,457612
KNIN.SW,Kuehne+Nagel,Transport & Logistics,Switzerland,2025-12-22,173.5,173.9,171.4,171.65,161104
KNIN.SW,Kuehne+Nagel,Transport & Logistics,Switzerland,2025-12-23,172.25,172.4,170.7,171.55,107549
KNIN.SW,Kuehne+Nagel,Transport & Logistics,Switzerland,2025-12-29,172.1,172.9,170.6,171.35,133184
KNIN.SW,Kuehne+Nagel,Transport & Logistics,Switzerland,2025-12-30,171.1,171.65,169.95,171.25,91098
KNIN.SW,Kuehne+Nagel,Transport & Logistics,Switzerland,2026-01-05,172.45,174.1,170.5,174.0,213900
KNIN.SW,Kuehne+Nagel,Transport & Logistics,Switzerland,2026-01-06,173.8,178.5,173.75,178.5,172600
KNIN.SW,Kuehne+Nagel,Transport & Logistics,Switzerland,2026-01-07,179.1,179.3,176.7,177.75,174241
KNIN.SW,Kuehne+Nagel,Transport & Logistics,Switzerland,2026-01-08,177.0,177.0,173.05,173.45,158326
KNIN.SW,Kuehne+Nagel,Transport & Logistics,Switzerland,2026-01-09,175.55,176.7,173.9,176.35,151366
KNIN.SW,Kuehne+Nagel,Transport & Logistics,Switzerland,2026-01-12,176.65,178.15,175.65,178.05,130664
KNIN.SW,Kuehne+Nagel,Transport & Logistics,Switzerland,2026-01-13,177.8,180.0,176.85,178.95,211376
KNIN.SW,Kuehne+Nagel,Transport & Logistics,Switzerland,2026-01-14,188.5,191.8,182.7,186.65,410566
KNIN.SW,Kuehne+Nagel,Transport & Logistics,Switzerland,2026-01-15,186.6,186.85,180.55,185.05,277093
KNIN.SW,Kuehne+Nagel,Transport & Logistics,Switzerland,2026-01-16,184.95,185.6,183.5,184.45,265875
KNIN.SW,Kuehne+Nagel,Transport & Logistics,Switzerland,2026-01-19,180.0,181.6,177.65,178.6,220521
KNIN.SW,Kuehne+Nagel,Transport & Logistics,Switzerland,2026-01-20,177.0,181.5,175.9,178.35,156256
KNIN.SW,Kuehne+Nagel,Transport & Logistics,Switzerland,2026-01-21,177.4,180.75,177.35,180.6,207456
KNIN.SW,Kuehne+Nagel,Transport & Logistics,Switzerland,2026-01-22,182.95,184.95,182.35,183.65,196843
KNIN.SW,Kuehne+Nagel,Transport & Logistics,Switzerland,2026-01-23,181.8,181.8,178.55,179.95,174815
KNIN.SW,Kuehne+Nagel,Transport & Logistics,Switzerland,2026-01-26,179.0,180.9,176.95,177.3,219039
KNIN.SW,Kuehne+Nagel,Transport & Logistics,Switzerland,2026-01-27,178.05,179.0,176.1,179.0,123438
KNIN.SW,Kuehne+Nagel,Transport & Logistics,Switzerland,2026-01-28,178.05,178.1,176.0,176.5,124673
KNIN.SW,Kuehne+Nagel,Transport & Logistics,Switzerland,2026-01-29,177.4,179.3,176.1,177.65,153115
KNIN.SW,Kuehne+Nagel,Transport & Logistics,Switzerland,2026-01-30,178.05,179.35,177.0,178.7,121097
KNIN.SW,Kuehne+Nagel,Transport & Logistics,Switzerland,2026-02-02,178.1,180.8,177.4,179.55,158327
KNIN.SW,Kuehne+Nagel,Transport & Logistics,Switzerland,2026-02-03,181.05,182.4,176.15,178.45,214723
KNIN.SW,Kuehne+Nagel,Transport & Logistics,Switzerland,2026-02-04,178.0,188.9,174.25,187.3,440820
KNIN.SW,Kuehne+Nagel,Transport & Logistics,Switzerland,2026-02-05,187.0,188.05,184.35,188.05,187991
KNIN.SW,Kuehne+Nagel,Transport & Logistics,Switzerland,2026-02-06,188.7,188.7,186.0,186.95,132272
KNIN.SW,Kuehne+Nagel,Transport & Logistics,Switzerland,2026-02-09,187.6,190.45,187.05,190.25,179929
KNIN.SW,Kuehne+Nagel,Transport & Logistics,Switzerland,2026-02-10,190.1,190.25,187.55,187.55,151536
KNIN.SW,Kuehne+Nagel,Transport & Logistics,Switzerland,2026-02-11,188.55,189.1,185.45,188.8,219460
KNIN.SW,Kuehne+Nagel,Transport & Logistics,Switzerland,2026-02-12,191.15,191.15,162.9,164.3,849093
KNIN.SW,Kuehne+Nagel,Transport & Logistics,Switzerland,2026-02-13,168.3,171.05,163.1,169.3,721728
KNIN.SW,Kuehne+Nagel,Transport & Logistics,Switzerland,2026-02-16,170.45,170.65,165.6,165.6,218626
KNIN.SW,Kuehne+Nagel,Transport & Logistics,Switzerland,2026-02-17,166.0,170.55,165.6,170.55,199292
KNIN.SW,Kuehne+Nagel,Transport & Logistics,Switzerland,2026-02-18,172.65,175.95,171.7,175.15,181507
KNIN.SW,Kuehne+Nagel,Transport & Logistics,Switzerland,2026-02-19,176.0,177.6,174.7,176.3,165637
KNIN.SW,Kuehne+Nagel,Transport & Logistics,Switzerland,2026-02-20,176.45,180.6,174.8,178.7,251108
KNIN.SW,Kuehne+Nagel,Transport & Logistics,Switzerland,2026-02-23,178.0,178.7,174.35,174.7,150328
KNIN.SW,Kuehne+Nagel,Transport & Logistics,Switzerland,2026-02-24,175.1,175.75,171.7,172.75,230593
KNIN.SW,Kuehne+Nagel,Transport & Logistics,Switzerland,2026-02-25,173.95,176.0,173.0,174.45,144072
KNIN.SW,Kuehne+Nagel,Transport & Logistics,Switzerland,2026-02-26,174.85,175.7,171.5,175.5,188582
KNIN.SW,Kuehne+Nagel,Transport & Logistics,Switzerland,2026-02-27,175.5,179.6,174.8,179.35,291313
KNIN.SW,Kuehne+Nagel,Transport & Logistics,Switzerland,2026-03-02,175.95,183.65,174.7,182.0,279526
KNIN.SW,Kuehne+Nagel,Transport & Logistics,Switzerland,2026-03-03,190.0,193.3,175.8,182.8,571627
KNIN.SW,Kuehne+Nagel,Transport & Logistics,Switzerland,2026-03-04,180.7,182.8,179.2,180.45,247761
KNIN.SW,Kuehne+Nagel,Transport & Logistics,Switzerland,2026-03-05,180.7,180.75,175.45,176.95,292895
KNIN.SW,Kuehne+Nagel,Transport & Logistics,Switzerland,2026-03-06,176.95,176.95,170.85,172.9,211758
KNIN.SW,Kuehne+Nagel,Transport & Logistics,Switzerland,2026-03-09,169.05,171.3,168.4,169.9,175584
KNIN.SW,Kuehne+Nagel,Transport & Logistics,Switzerland,2026-03-10,174.0,174.0,170.55,172.15,224297
KNIN.SW,Kuehne+Nagel,Transport & Logistics,Switzerland,2026-03-11,170.95,173.5,168.25,171.65,229436
KNIN.SW,Kuehne+Nagel,Transport & Logistics,Switzerland,2026-03-12,171.0,172.05,169.85,170.55,200242
KNIN.SW,Kuehne+Nagel,Transport & Logistics,Switzerland,2026-03-13,168.65,174.0,168.1,171.35,204387
KNIN.SW,Kuehne+Nagel,Transport & Logistics,Switzerland,2026-03-16,170.95,172.75,169.6,172.6,110179
